日期,站点名称,事件描述,,,,,,,,
2023/9/29,黄兴,Special Event: Mid-Autumn Festival,,,,,,,,
2023/9/29,榔梨,Special Event: Mid-Autumn Festival,,,,,,,,
2023/9/29,红旗,Special Event: Mid-Autumn Festival,,,,,,,,
2023/9/29,洞井,Special Event: Mid-Autumn Festival,,,,,,,,
2023/9/29,星城,Special Event: Mid-Autumn Festival,,,,,,,,
2023/9/29,岳阳东,Special Event: Mid-Autumn Festival,,,,,,,,
2023/9/29,简家坳,Special Event: Mid-Autumn Festival,,,,,,,,
2023/9/29,塔岭松柏,Special Event: Mid-Autumn Festival,,,,,,,,
2023/9/29,常宁,Special Event: Mid-Autumn Festival,,,,,,,,
2023/9/29,流峰,Special Event: Mid-Autumn Festival,,,,,,,,
2023/9/29,余田,Special Event: Mid-Autumn Festival,,,,,,,,
2023/9/29,嘉禾,Special Event: Mid-Autumn Festival,,,,,,,,
2023/9/29,临武,Special Event: Mid-Autumn Festival,,,,,,,,
2023/9/29,黄沙,Special Event: Mid-Autumn Festival,,,,,,,,
2023/9/29,南江,Special Event: Mid-Autumn Festival,,,,,,,,
2023/9/29,平江,Special Event: Mid-Autumn Festival,,,,,,,,
2023/9/29,社港,Special Event: Mid-Autumn Festival,,,,,,,,
2023/9/29,北盛,Special Event: Mid-Autumn Festival,,,,,,,,
2023/9/29,跃龙,Special Event: Mid-Autumn Festival,,,,,,,,
2023/9/29,板衫,Special Event: Mid-Autumn Festival,,,,,,,,
2023/9/29,黎家冲,Special Event: Mid-Autumn Festival,,,,,,,,
2023/9/29,皇图岭,Special Event: Mid-Autumn Festival,,,,,,,,
2023/9/29,虎踞,Special Event: Mid-Autumn Festival,,,,,,,,
2023/9/29,茶陵,Special Event: Mid-Autumn Festival,,,,,,,,
2023/9/29,炎陵西,Special Event: Mid-Autumn Festival,,,,,,,,
2023/9/29,八面山,Special Event: Mid-Autumn Festival,,,,,,,,
2023/9/29,田庄,Special Event: Mid-Autumn Festival,,,,,,,,
2023/9/29,九龙江,Special Event: Mid-Autumn Festival,,,,,,,,
2023/9/29,炎陵,Special Event: Mid-Autumn Festival,,,,,,,,
2023/9/29,羊楼司,Special Event: Mid-Autumn Festival,,,,,,,,
2023/9/29,桃林大荆,Special Event: Mid-Autumn Festival,,,,,,,,
2023/9/29,开慧,Special Event: Mid-Autumn Festival,,,,,,,,
2023/9/29,杨梓冲,Special Event: Mid-Autumn Festival,,,,,,,,
2023/9/29,李家塘,Special Event: Mid-Autumn Festival,,,,,,,,
2023/9/29,伞铺,Special Event: Mid-Autumn Festival,,,,,,,,
2023/9/29,新塘,Special Event: Mid-Autumn Festival,,,,,,,,
2023/9/29,冠市,Special Event: Mid-Autumn Festival,,,,,,,,
2023/9/29,耒阳,Special Event: Mid-Autumn Festival,,,,,,,,
2023/9/29,马田,Special Event: Mid-Autumn Festival,,,,,,,,
2023/9/29,郴州,Special Event: Mid-Autumn Festival,,,,,,,,
2023/9/29,良田,Special Event: Mid-Autumn Festival,,,,,,,,
2023/9/29,小塘,Special Event: Mid-Autumn Festival,,,,,,,,
2023/9/29,金桥,Special Event: Mid-Autumn Festival,,,,,,,,
2023/9/29,友仁,Special Event: Mid-Autumn Festival,,,,,,,,
2023/9/29,关山,Special Event: Mid-Autumn Festival,,,,,,,,
2023/9/29,金洲,Special Event: Mid-Autumn Festival,,,,,,,,
2023/9/29,宁乡,Special Event: Mid-Autumn Festival,,,,,,,,
2023/9/29,泉交河,Special Event: Mid-Autumn Festival,,,,,,,,
2023/9/29,朝阳,Special Event: Mid-Autumn Festival,,,,,,,,
2023/9/29,益阳北,Special Event: Mid-Autumn Festival,,,,,,,,
2023/9/29,谢家铺,Special Event: Mid-Autumn Festival,,,,,,,,
2023/9/29,热市,Special Event: Mid-Autumn Festival,,,,,,,,
2023/9/29,慈利西,Special Event: Mid-Autumn Festival,,,,,,,,
2023/9/29,阳和,Special Event: Mid-Autumn Festival,,,,,,,,
2023/9/29,教字垭,Special Event: Mid-Autumn Festival,,,,,,,,
2023/9/29,龙山,Special Event: Mid-Autumn Festival,,,,,,,,
2023/9/29,邵阳县,Special Event: Mid-Autumn Festival,,,,,,,,
2023/9/29,永州北,Special Event: Mid-Autumn Festival,,,,,,,,
2023/9/29,接履桥,Special Event: Mid-Autumn Festival,,,,,,,,
2023/9/29,阳明山,Special Event: Mid-Autumn Festival,,,,,,,,
2023/9/29,宁远,Special Event: Mid-Autumn Festival,,,,,,,,
2023/9/29,蓝山,Special Event: Mid-Autumn Festival,,,,,,,,
2023/9/29,詹桥,Special Event: Mid-Autumn Festival,,,,,,,,
2023/9/29,河洑,Special Event: Mid-Autumn Festival,,,,,,,,
2023/9/29,桃源,Special Event: Mid-Autumn Festival,,,,,,,,
2023/9/29,官庄,Special Event: Mid-Autumn Festival,,,,,,,,
2023/9/29,沅陵,Special Event: Mid-Autumn Festival,,,,,,,,
2023/9/29,泸溪,Special Event: Mid-Autumn Festival,,,,,,,,
2023/9/29,吉首东,Special Event: Mid-Autumn Festival,,,,,,,,
2023/9/29,吉首南,Special Event: Mid-Autumn Festival,,,,,,,,
2023/9/29,凤凰西,Special Event: Mid-Autumn Festival,,,,,,,,
2023/9/29,崀山,Special Event: Mid-Autumn Festival,,,,,,,,
2023/9/29,张坊,Special Event: Mid-Autumn Festival,,,,,,,,
2023/9/29,古港,Special Event: Mid-Autumn Festival,,,,,,,,
2023/9/29,砰山,Special Event: Mid-Autumn Festival,,,,,,,,
2023/9/29,黄花,Special Event: Mid-Autumn Festival,,,,,,,,
2023/9/29,株洲北,Special Event: Mid-Autumn Festival,,,,,,,,
2023/9/29,湘潭,Special Event: Mid-Autumn Festival,,,,,,,,
2023/9/29,湘乡,Special Event: Mid-Autumn Festival,,,,,,,,
2023/9/29,娄底,Special Event: Mid-Autumn Festival,,,,,,,,
2023/9/29,廉桥,Special Event: Mid-Autumn Festival,,,,,,,,
2023/9/29,邵阳南,Special Event: Mid-Autumn Festival,,,,,,,,
2023/9/29,隆回,Special Event: Mid-Autumn Festival,,,,,,,,
2023/9/29,洞口,Special Event: Mid-Autumn Festival,,,,,,,,
2023/9/29,江口,Special Event: Mid-Autumn Festival,,,,,,,,
2023/9/29,中方,Special Event: Mid-Autumn Festival,,,,,,,,
2023/9/29,芷江,Special Event: Mid-Autumn Festival,,,,,,,,
2023/9/29,新晃,Special Event: Mid-Autumn Festival,,,,,,,,
2023/9/29,茶峒,Special Event: Mid-Autumn Festival,,,,,,,,
2023/9/29,矮寨,Special Event: Mid-Autumn Festival,,,,,,,,
2023/9/29,凤凰,Special Event: Mid-Autumn Festival,,,,,,,,
2023/9/29,怀化西,Special Event: Mid-Autumn Festival,,,,,,,,
2023/9/29,怀化南,Special Event: Mid-Autumn Festival,,,,,,,,
2023/9/29,洪江,Special Event: Mid-Autumn Festival,,,,,,,,
2023/9/29,会同,Special Event: Mid-Autumn Festival,,,,,,,,
2023/9/29,靖州,Special Event: Mid-Autumn Festival,,,,,,,,
2023/9/29,乐安铺,Special Event: Mid-Autumn Festival,,,,,,,,
2023/9/29,双江,Special Event: Mid-Autumn Festival,,,,,,,,
2023/9/29,通道,Special Event: Mid-Autumn Festival,,,,,,,,
2023/9/29,界化垄,Special Event: Mid-Autumn Festival,,,,,,,,
2023/9/29,攸县,Special Event: Mid-Autumn Festival,,,,,,,,
2023/9/29,衡东,Special Event: Mid-Autumn Festival,,,,,,,,
2023/9/29,洪市,Special Event: Mid-Autumn Festival,,,,,,,,
2023/9/29,石埠,Special Event: Mid-Autumn Festival,,,,,,,,
2023/9/29,大忠桥,Special Event: Mid-Autumn Festival,,,,,,,,
2023/9/29,枣木铺,Special Event: Mid-Autumn Festival,,,,,,,,
2023/9/29,益将,Special Event: Mid-Autumn Festival,,,,,,,,
2023/9/29,岭秀,Special Event: Mid-Autumn Festival,,,,,,,,
2023/9/29,平和,Special Event: Mid-Autumn Festival,,,,,,,,
2023/9/29,郴州西,Special Event: Mid-Autumn Festival,,,,,,,,
2023/9/29,燕塘,Special Event: Mid-Autumn Festival,,,,,,,,
2023/9/29,祠堂圩,Special Event: Mid-Autumn Festival,,,,,,,,
2023/9/29,宁远西,Special Event: Mid-Autumn Festival,,,,,,,,
2023/9/29,道州东,Special Event: Mid-Autumn Festival,,,,,,,,
2023/9/29,仙子脚,Special Event: Mid-Autumn Festival,,,,,,,,
2023/9/29,韶山,Special Event: Mid-Autumn Festival,,,,,,,,
2023/9/29,张家界西,Special Event: Mid-Autumn Festival,,,,,,,,
2023/9/29,芙蓉镇西,Special Event: Mid-Autumn Festival,,,,,,,,
2023/9/29,花垣,Special Event: Mid-Autumn Festival,,,,,,,,
2023/9/29,桃花江,Special Event: Mid-Autumn Festival,,,,,,,,
2023/9/29,马迹塘西,Special Event: Mid-Autumn Festival,,,,,,,,
2023/9/29,云龙,Special Event: Mid-Autumn Festival,,,,,,,,
2023/9/29,栗山塘,Special Event: Mid-Autumn Festival,,,,,,,,
2023/9/29,赤江互通东,Special Event: Mid-Autumn Festival,,,,,,,,
2023/9/29,道林互通东,Special Event: Mid-Autumn Festival,,,,,,,,
2023/9/29,韶山互通东,Special Event: Mid-Autumn Festival,,,,,,,,
2023/9/29,岐山互通东,Special Event: Mid-Autumn Festival,,,,,,,,
2023/9/29,龙塘互通东,Special Event: Mid-Autumn Festival,,,,,,,,
2023/9/29,溆浦,Special Event: Mid-Autumn Festival,,,,,,,,
2023/9/29,怀化北,Special Event: Mid-Autumn Festival,,,,,,,,
2023/9/29,朱溪,Special Event: Mid-Autumn Festival,,,,,,,,
2023/9/29,祝融,Special Event: Mid-Autumn Festival,,,,,,,,
2023/9/29,衡阳北,Special Event: Mid-Autumn Festival,,,,,,,,
2023/9/29,姚家坝,Special Event: Mid-Autumn Festival,,,,,,,,
2023/9/29,茶园,Special Event: Mid-Autumn Festival,,,,,,,,
2023/9/29,涟源,Special Event: Mid-Autumn Festival,,,,,,,,
2023/9/29,新化,Special Event: Mid-Autumn Festival,,,,,,,,
2023/9/29,华容,Special Event: Mid-Autumn Festival,,,,,,,,
2023/9/29,南县西,Special Event: Mid-Autumn Festival,,,,,,,,
2023/9/29,泥江口,Special Event: Mid-Autumn Festival,,,,,,,,
2023/9/29,心田,Special Event: Mid-Autumn Festival,,,,,,,,
2023/9/29,岐山,Special Event: Mid-Autumn Festival,,,,,,,,
2023/9/29,毛田,Special Event: Mid-Autumn Festival,,,,,,,,
2023/9/29,双峰西,Special Event: Mid-Autumn Festival,,,,,,,,
2023/9/29,檀山咀,Special Event: Mid-Autumn Festival,,,,,,,,
2023/9/29,鸟江,Special Event: Mid-Autumn Festival,,,,,,,,
2023/9/29,杨山,Special Event: Mid-Autumn Festival,,,,,,,,
2023/9/29,松木塘,Special Event: Mid-Autumn Festival,,,,,,,,
2023/9/29,道州南,Special Event: Mid-Autumn Festival,,,,,,,,
2023/9/29,回龙圩,Special Event: Mid-Autumn Festival,,,,,,,,
2023/9/29,寨市,Special Event: Mid-Autumn Festival,,,,,,,,
2023/9/29,大水,Special Event: Mid-Autumn Festival,,,,,,,,
2023/9/29,武冈西,Special Event: Mid-Autumn Festival,,,,,,,,
2023/9/29,怀化东,Special Event: Mid-Autumn Festival,,,,,,,,
2023/9/30,黄兴,Special Event: Mid-Autumn & National Day,,,,,,,,
2023/9/30,榔梨,Special Event: Mid-Autumn & National Day,,,,,,,,
2023/9/30,红旗,Special Event: Mid-Autumn & National Day,,,,,,,,
2023/9/30,洞井,Special Event: Mid-Autumn & National Day,,,,,,,,
2023/9/30,星城,Special Event: Mid-Autumn & National Day,,,,,,,,
2023/9/30,岳阳东,Special Event: Mid-Autumn & National Day,,,,,,,,
2023/9/30,简家坳,Special Event: Mid-Autumn & National Day,,,,,,,,
2023/9/30,塔岭松柏,Special Event: Mid-Autumn & National Day,,,,,,,,
2023/9/30,常宁,Special Event: Mid-Autumn & National Day,,,,,,,,
2023/9/30,流峰,Special Event: Mid-Autumn & National Day,,,,,,,,
2023/9/30,余田,Special Event: Mid-Autumn & National Day,,,,,,,,
2023/9/30,嘉禾,Special Event: Mid-Autumn & National Day,,,,,,,,
2023/9/30,临武,Special Event: Mid-Autumn & National Day,,,,,,,,
2023/9/30,黄沙,Special Event: Mid-Autumn & National Day,,,,,,,,
2023/9/30,南江,Special Event: Mid-Autumn & National Day,,,,,,,,
2023/9/30,平江,Special Event: Mid-Autumn & National Day,,,,,,,,
2023/9/30,社港,Special Event: Mid-Autumn & National Day,,,,,,,,
2023/9/30,北盛,Special Event: Mid-Autumn & National Day,,,,,,,,
2023/9/30,跃龙,Special Event: Mid-Autumn & National Day,,,,,,,,
2023/9/30,板衫,Special Event: Mid-Autumn & National Day,,,,,,,,
2023/9/30,黎家冲,Special Event: Mid-Autumn & National Day,,,,,,,,
2023/9/30,皇图岭,Special Event: Mid-Autumn & National Day,,,,,,,,
2023/9/30,虎踞,Special Event: Mid-Autumn & National Day,,,,,,,,
2023/9/30,茶陵,Special Event: Mid-Autumn & National Day,,,,,,,,
2023/9/30,炎陵西,Special Event: Mid-Autumn & National Day,,,,,,,,
2023/9/30,八面山,Special Event: Mid-Autumn & National Day,,,,,,,,
2023/9/30,田庄,Special Event: Mid-Autumn & National Day,,,,,,,,
2023/9/30,九龙江,Special Event: Mid-Autumn & National Day,,,,,,,,
2023/9/30,炎陵,Special Event: Mid-Autumn & National Day,,,,,,,,
2023/9/30,羊楼司,Special Event: Mid-Autumn & National Day,,,,,,,,
2023/9/30,桃林大荆,Special Event: Mid-Autumn & National Day,,,,,,,,
2023/9/30,开慧,Special Event: Mid-Autumn & National Day,,,,,,,,
2023/9/30,杨梓冲,Special Event: Mid-Autumn & National Day,,,,,,,,
2023/9/30,李家塘,Special Event: Mid-Autumn & National Day,,,,,,,,
2023/9/30,伞铺,Special Event: Mid-Autumn & National Day,,,,,,,,
2023/9/30,新塘,Special Event: Mid-Autumn & National Day,,,,,,,,
2023/9/30,冠市,Special Event: Mid-Autumn & National Day,,,,,,,,
2023/9/30,耒阳,Special Event: Mid-Autumn & National Day,,,,,,,,
2023/9/30,马田,Special Event: Mid-Autumn & National Day,,,,,,,,
2023/9/30,郴州,Special Event: Mid-Autumn & National Day,,,,,,,,
2023/9/30,良田,Special Event: Mid-Autumn & National Day,,,,,,,,
2023/9/30,小塘,Special Event: Mid-Autumn & National Day,,,,,,,,
2023/9/30,金桥,Special Event: Mid-Autumn & National Day,,,,,,,,
2023/9/30,友仁,Special Event: Mid-Autumn & National Day,,,,,,,,
2023/9/30,关山,Special Event: Mid-Autumn & National Day,,,,,,,,
2023/9/30,金洲,Special Event: Mid-Autumn & National Day,,,,,,,,
2023/9/30,宁乡,Special Event: Mid-Autumn & National Day,,,,,,,,
2023/9/30,泉交河,Special Event: Mid-Autumn & National Day,,,,,,,,
2023/9/30,朝阳,Special Event: Mid-Autumn & National Day,,,,,,,,
2023/9/30,益阳北,Special Event: Mid-Autumn & National Day,,,,,,,,
2023/9/30,谢家铺,Special Event: Mid-Autumn & National Day,,,,,,,,
2023/9/30,热市,Special Event: Mid-Autumn & National Day,,,,,,,,
2023/9/30,慈利西,Special Event: Mid-Autumn & National Day,,,,,,,,
2023/9/30,阳和,Special Event: Mid-Autumn & National Day,,,,,,,,
2023/9/30,教字垭,Special Event: Mid-Autumn & National Day,,,,,,,,
2023/9/30,龙山,Special Event: Mid-Autumn & National Day,,,,,,,,
2023/9/30,邵阳县,Special Event: Mid-Autumn & National Day,,,,,,,,
2023/9/30,永州北,Special Event: Mid-Autumn & National Day,,,,,,,,
2023/9/30,接履桥,Special Event: Mid-Autumn & National Day,,,,,,,,
2023/9/30,阳明山,Special Event: Mid-Autumn & National Day,,,,,,,,
2023/9/30,宁远,Special Event: Mid-Autumn & National Day,,,,,,,,
2023/9/30,蓝山,Special Event: Mid-Autumn & National Day,,,,,,,,
2023/9/30,詹桥,Special Event: Mid-Autumn & National Day,,,,,,,,
2023/9/30,河洑,Special Event: Mid-Autumn & National Day,,,,,,,,
2023/9/30,桃源,Special Event: Mid-Autumn & National Day,,,,,,,,
2023/9/30,官庄,Special Event: Mid-Autumn & National Day,,,,,,,,
2023/9/30,沅陵,Special Event: Mid-Autumn & National Day,,,,,,,,
2023/9/30,泸溪,Special Event: Mid-Autumn & National Day,,,,,,,,
2023/9/30,吉首东,Special Event: Mid-Autumn & National Day,,,,,,,,
2023/9/30,吉首南,Special Event: Mid-Autumn & National Day,,,,,,,,
2023/9/30,凤凰西,Special Event: Mid-Autumn & National Day,,,,,,,,
2023/9/30,崀山,Special Event: Mid-Autumn & National Day,,,,,,,,
2023/9/30,张坊,Special Event: Mid-Autumn & National Day,,,,,,,,
2023/9/30,古港,Special Event: Mid-Autumn & National Day,,,,,,,,
2023/9/30,砰山,Special Event: Mid-Autumn & National Day,,,,,,,,
2023/9/30,黄花,Special Event: Mid-Autumn & National Day,,,,,,,,
2023/9/30,株洲北,Special Event: Mid-Autumn & National Day,,,,,,,,
2023/9/30,湘潭,Special Event: Mid-Autumn & National Day,,,,,,,,
2023/9/30,湘乡,Special Event: Mid-Autumn & National Day,,,,,,,,
2023/9/30,娄底,Special Event: Mid-Autumn & National Day,,,,,,,,
2023/9/30,廉桥,Special Event: Mid-Autumn & National Day,,,,,,,,
2023/9/30,邵阳南,Special Event: Mid-Autumn & National Day,,,,,,,,
2023/9/30,隆回,Special Event: Mid-Autumn & National Day,,,,,,,,
2023/9/30,洞口,Special Event: Mid-Autumn & National Day,,,,,,,,
2023/9/30,江口,Special Event: Mid-Autumn & National Day,,,,,,,,
2023/9/30,中方,Special Event: Mid-Autumn & National Day,,,,,,,,
2023/9/30,芷江,Special Event: Mid-Autumn & National Day,,,,,,,,
2023/9/30,新晃,Special Event: Mid-Autumn & National Day,,,,,,,,
2023/9/30,茶峒,Special Event: Mid-Autumn & National Day,,,,,,,,
2023/9/30,矮寨,Special Event: Mid-Autumn & National Day,,,,,,,,
2023/9/30,凤凰,Special Event: Mid-Autumn & National Day,,,,,,,,
2023/9/30,怀化西,Special Event: Mid-Autumn & National Day,,,,,,,,
2023/9/30,怀化南,Special Event: Mid-Autumn & National Day,,,,,,,,
2023/9/30,洪江,Special Event: Mid-Autumn & National Day,,,,,,,,
2023/9/30,会同,Special Event: Mid-Autumn & National Day,,,,,,,,
2023/9/30,靖州,Special Event: Mid-Autumn & National Day,,,,,,,,
2023/9/30,乐安铺,Special Event: Mid-Autumn & National Day,,,,,,,,
2023/9/30,双江,Special Event: Mid-Autumn & National Day,,,,,,,,
2023/9/30,通道,Special Event: Mid-Autumn & National Day,,,,,,,,
2023/9/30,界化垄,Special Event: Mid-Autumn & National Day,,,,,,,,
2023/9/30,攸县,Special Event: Mid-Autumn & National Day,,,,,,,,
2023/9/30,衡东,Special Event: Mid-Autumn & National Day,,,,,,,,
2023/9/30,洪市,Special Event: Mid-Autumn & National Day,,,,,,,,
2023/9/30,石埠,Special Event: Mid-Autumn & National Day,,,,,,,,
2023/9/30,大忠桥,Special Event: Mid-Autumn & National Day,,,,,,,,
2023/9/30,枣木铺,Special Event: Mid-Autumn & National Day,,,,,,,,
2023/9/30,益将,Special Event: Mid-Autumn & National Day,,,,,,,,
2023/9/30,岭秀,Special Event: Mid-Autumn & National Day,,,,,,,,
2023/9/30,平和,Special Event: Mid-Autumn & National Day,,,,,,,,
2023/9/30,郴州西,Special Event: Mid-Autumn & National Day,,,,,,,,
2023/9/30,燕塘,Special Event: Mid-Autumn & National Day,,,,,,,,
2023/9/30,祠堂圩,Special Event: Mid-Autumn & National Day,,,,,,,,
2023/9/30,宁远西,Special Event: Mid-Autumn & National Day,,,,,,,,
2023/9/30,道州东,Special Event: Mid-Autumn & National Day,,,,,,,,
2023/9/30,仙子脚,Special Event: Mid-Autumn & National Day,,,,,,,,
2023/9/30,韶山,Special Event: Mid-Autumn & National Day,,,,,,,,
2023/9/30,张家界西,Special Event: Mid-Autumn & National Day,,,,,,,,
2023/9/30,芙蓉镇西,Special Event: Mid-Autumn & National Day,,,,,,,,
2023/9/30,花垣,Special Event: Mid-Autumn & National Day,,,,,,,,
2023/9/30,桃花江,Special Event: Mid-Autumn & National Day,,,,,,,,
2023/9/30,马迹塘西,Special Event: Mid-Autumn & National Day,,,,,,,,
2023/9/30,云龙,Special Event: Mid-Autumn & National Day,,,,,,,,
2023/9/30,栗山塘,Special Event: Mid-Autumn & National Day,,,,,,,,
2023/9/30,赤江互通东,Special Event: Mid-Autumn & National Day,,,,,,,,
2023/9/30,道林互通东,Special Event: Mid-Autumn & National Day,,,,,,,,
2023/9/30,韶山互通东,Special Event: Mid-Autumn & National Day,,,,,,,,
2023/9/30,岐山互通东,Special Event: Mid-Autumn & National Day,,,,,,,,
2023/9/30,龙塘互通东,Special Event: Mid-Autumn & National Day,,,,,,,,
2023/9/30,溆浦,Special Event: Mid-Autumn & National Day,,,,,,,,
2023/9/30,怀化北,Special Event: Mid-Autumn & National Day,,,,,,,,
2023/9/30,朱溪,Special Event: Mid-Autumn & National Day,,,,,,,,
2023/9/30,祝融,Special Event: Mid-Autumn & National Day,,,,,,,,
2023/9/30,衡阳北,Special Event: Mid-Autumn & National Day,,,,,,,,
2023/9/30,姚家坝,Special Event: Mid-Autumn & National Day,,,,,,,,
2023/9/30,茶园,Special Event: Mid-Autumn & National Day,,,,,,,,
2023/9/30,涟源,Special Event: Mid-Autumn & National Day,,,,,,,,
2023/9/30,新化,Special Event: Mid-Autumn & National Day,,,,,,,,
2023/9/30,华容,Special Event: Mid-Autumn & National Day,,,,,,,,
2023/9/30,南县西,Special Event: Mid-Autumn & National Day,,,,,,,,
2023/9/30,泥江口,Special Event: Mid-Autumn & National Day,,,,,,,,
2023/9/30,心田,Special Event: Mid-Autumn & National Day,,,,,,,,
2023/9/30,岐山,Special Event: Mid-Autumn & National Day,,,,,,,,
2023/9/30,毛田,Special Event: Mid-Autumn & National Day,,,,,,,,
2023/9/30,双峰西,Special Event: Mid-Autumn & National Day,,,,,,,,
2023/9/30,檀山咀,Special Event: Mid-Autumn & National Day,,,,,,,,
2023/9/30,鸟江,Special Event: Mid-Autumn & National Day,,,,,,,,
2023/9/30,杨山,Special Event: Mid-Autumn & National Day,,,,,,,,
2023/9/30,松木塘,Special Event: Mid-Autumn & National Day,,,,,,,,
2023/9/30,道州南,Special Event: Mid-Autumn & National Day,,,,,,,,
2023/9/30,回龙圩,Special Event: Mid-Autumn & National Day,,,,,,,,
2023/9/30,寨市,Special Event: Mid-Autumn & National Day,,,,,,,,
2023/9/30,大水,Special Event: Mid-Autumn & National Day,,,,,,,,
2023/9/30,武冈西,Special Event: Mid-Autumn & National Day,,,,,,,,
2023/9/30,怀化东,Special Event: Mid-Autumn & National Day,,,,,,,,
2023/10/1,黄兴,Special Event: National Day,,,,,,,,
2023/10/1,榔梨,Special Event: National Day,,,,,,,,
2023/10/1,红旗,Special Event: National Day,,,,,,,,
2023/10/1,洞井,Special Event: National Day,,,,,,,,
2023/10/1,星城,Special Event: National Day,,,,,,,,
2023/10/1,岳阳东,Special Event: National Day,,,,,,,,
2023/10/1,简家坳,Special Event: National Day,,,,,,,,
2023/10/1,塔岭松柏,Special Event: National Day,,,,,,,,
2023/10/1,常宁,Special Event: National Day,,,,,,,,
2023/10/1,流峰,Special Event: National Day,,,,,,,,
2023/10/1,余田,Special Event: National Day,,,,,,,,
2023/10/1,嘉禾,Special Event: National Day,,,,,,,,
2023/10/1,临武,Special Event: National Day,,,,,,,,
2023/10/1,黄沙,Special Event: National Day,,,,,,,,
2023/10/1,南江,Special Event: National Day,,,,,,,,
2023/10/1,平江,Special Event: National Day,,,,,,,,
2023/10/1,社港,Special Event: National Day,,,,,,,,
2023/10/1,北盛,Special Event: National Day,,,,,,,,
2023/10/1,跃龙,Special Event: National Day,,,,,,,,
2023/10/1,板衫,Special Event: National Day,,,,,,,,
2023/10/1,黎家冲,Special Event: National Day,,,,,,,,
2023/10/1,皇图岭,Special Event: National Day,,,,,,,,
2023/10/1,虎踞,Special Event: National Day,,,,,,,,
2023/10/1,茶陵,Special Event: National Day,,,,,,,,
2023/10/1,炎陵西,Special Event: National Day,,,,,,,,
2023/10/1,八面山,Special Event: National Day,,,,,,,,
2023/10/1,田庄,Special Event: National Day,,,,,,,,
2023/10/1,九龙江,Special Event: National Day,,,,,,,,
2023/10/1,炎陵,Special Event: National Day,,,,,,,,
2023/10/1,羊楼司,Special Event: National Day,,,,,,,,
2023/10/1,桃林大荆,Special Event: National Day,,,,,,,,
2023/10/1,开慧,Special Event: National Day,,,,,,,,
2023/10/1,杨梓冲,Special Event: National Day,,,,,,,,
2023/10/1,李家塘,Special Event: National Day,,,,,,,,
2023/10/1,伞铺,Special Event: National Day,,,,,,,,
2023/10/1,新塘,Special Event: National Day,,,,,,,,
2023/10/1,冠市,Special Event: National Day,,,,,,,,
2023/10/1,耒阳,Special Event: National Day,,,,,,,,
2023/10/1,马田,Special Event: National Day,,,,,,,,
2023/10/1,郴州,Special Event: National Day,,,,,,,,
2023/10/1,良田,Special Event: National Day,,,,,,,,
2023/10/1,小塘,Special Event: National Day,,,,,,,,
2023/10/1,金桥,Special Event: National Day,,,,,,,,
2023/10/1,友仁,Special Event: National Day,,,,,,,,
2023/10/1,关山,Special Event: National Day,,,,,,,,
2023/10/1,金洲,Special Event: National Day,,,,,,,,
2023/10/1,宁乡,Special Event: National Day,,,,,,,,
2023/10/1,泉交河,Special Event: National Day,,,,,,,,
2023/10/1,朝阳,Special Event: National Day,,,,,,,,
2023/10/1,益阳北,Special Event: National Day,,,,,,,,
2023/10/1,谢家铺,Special Event: National Day,,,,,,,,
2023/10/1,热市,Special Event: National Day,,,,,,,,
2023/10/1,慈利西,Special Event: National Day,,,,,,,,
2023/10/1,阳和,Special Event: National Day,,,,,,,,
2023/10/1,教字垭,Special Event: National Day,,,,,,,,
2023/10/1,龙山,Special Event: National Day,,,,,,,,
2023/10/1,邵阳县,Special Event: National Day,,,,,,,,
2023/10/1,永州北,Special Event: National Day,,,,,,,,
2023/10/1,接履桥,Special Event: National Day,,,,,,,,
2023/10/1,阳明山,Special Event: National Day,,,,,,,,
2023/10/1,宁远,Special Event: National Day,,,,,,,,
2023/10/1,蓝山,Special Event: National Day,,,,,,,,
2023/10/1,詹桥,Special Event: National Day,,,,,,,,
2023/10/1,河洑,Special Event: National Day,,,,,,,,
2023/10/1,桃源,Special Event: National Day,,,,,,,,
2023/10/1,官庄,Special Event: National Day,,,,,,,,
2023/10/1,沅陵,Special Event: National Day,,,,,,,,
2023/10/1,泸溪,Special Event: National Day,,,,,,,,
2023/10/1,吉首东,Special Event: National Day,,,,,,,,
2023/10/1,吉首南,Special Event: National Day,,,,,,,,
2023/10/1,凤凰西,Special Event: National Day,,,,,,,,
2023/10/1,崀山,Special Event: National Day,,,,,,,,
2023/10/1,张坊,Special Event: National Day,,,,,,,,
2023/10/1,古港,Special Event: National Day,,,,,,,,
2023/10/1,砰山,Special Event: National Day,,,,,,,,
2023/10/1,黄花,Special Event: National Day,,,,,,,,
2023/10/1,株洲北,Special Event: National Day,,,,,,,,
2023/10/1,湘潭,Special Event: National Day,,,,,,,,
2023/10/1,湘乡,Special Event: National Day,,,,,,,,
2023/10/1,娄底,Special Event: National Day,,,,,,,,
2023/10/1,廉桥,Special Event: National Day,,,,,,,,
2023/10/1,邵阳南,Special Event: National Day,,,,,,,,
2023/10/1,隆回,Special Event: National Day,,,,,,,,
2023/10/1,洞口,Special Event: National Day,,,,,,,,
2023/10/1,江口,Special Event: National Day,,,,,,,,
2023/10/1,中方,Special Event: National Day,,,,,,,,
2023/10/1,芷江,Special Event: National Day,,,,,,,,
2023/10/1,新晃,Special Event: National Day,,,,,,,,
2023/10/1,茶峒,Special Event: National Day,,,,,,,,
2023/10/1,矮寨,Special Event: National Day,,,,,,,,
2023/10/1,凤凰,Special Event: National Day,,,,,,,,
2023/10/1,怀化西,Special Event: National Day,,,,,,,,
2023/10/1,怀化南,Special Event: National Day,,,,,,,,
2023/10/1,洪江,Special Event: National Day,,,,,,,,
2023/10/1,会同,Special Event: National Day,,,,,,,,
2023/10/1,靖州,Special Event: National Day,,,,,,,,
2023/10/1,乐安铺,Special Event: National Day,,,,,,,,
2023/10/1,双江,Special Event: National Day,,,,,,,,
2023/10/1,通道,Special Event: National Day,,,,,,,,
2023/10/1,界化垄,Special Event: National Day,,,,,,,,
2023/10/1,攸县,Special Event: National Day,,,,,,,,
2023/10/1,衡东,Special Event: National Day,,,,,,,,
2023/10/1,洪市,Special Event: National Day,,,,,,,,
2023/10/1,石埠,Special Event: National Day,,,,,,,,
2023/10/1,大忠桥,Special Event: National Day,,,,,,,,
2023/10/1,枣木铺,Special Event: National Day,,,,,,,,
2023/10/1,益将,Special Event: National Day,,,,,,,,
2023/10/1,岭秀,Special Event: National Day,,,,,,,,
2023/10/1,平和,Special Event: National Day,,,,,,,,
2023/10/1,郴州西,Special Event: National Day,,,,,,,,
2023/10/1,燕塘,Special Event: National Day,,,,,,,,
2023/10/1,祠堂圩,Special Event: National Day,,,,,,,,
2023/10/1,宁远西,Special Event: National Day,,,,,,,,
2023/10/1,道州东,Special Event: National Day,,,,,,,,
2023/10/1,仙子脚,Special Event: National Day,,,,,,,,
2023/10/1,韶山,Special Event: National Day,,,,,,,,
2023/10/1,张家界西,Special Event: National Day,,,,,,,,
2023/10/1,芙蓉镇西,Special Event: National Day,,,,,,,,
2023/10/1,花垣,Special Event: National Day,,,,,,,,
2023/10/1,桃花江,Special Event: National Day,,,,,,,,
2023/10/1,马迹塘西,Special Event: National Day,,,,,,,,
2023/10/1,云龙,Special Event: National Day,,,,,,,,
2023/10/1,栗山塘,Special Event: National Day,,,,,,,,
2023/10/1,赤江互通东,Special Event: National Day,,,,,,,,
2023/10/1,道林互通东,Special Event: National Day,,,,,,,,
2023/10/1,韶山互通东,Special Event: National Day,,,,,,,,
2023/10/1,岐山互通东,Special Event: National Day,,,,,,,,
2023/10/1,龙塘互通东,Special Event: National Day,,,,,,,,
2023/10/1,溆浦,Special Event: National Day,,,,,,,,
2023/10/1,怀化北,Special Event: National Day,,,,,,,,
2023/10/1,朱溪,Special Event: National Day,,,,,,,,
2023/10/1,祝融,Special Event: National Day,,,,,,,,
2023/10/1,衡阳北,Special Event: National Day,,,,,,,,
2023/10/1,姚家坝,Special Event: National Day,,,,,,,,
2023/10/1,茶园,Special Event: National Day,,,,,,,,
2023/10/1,涟源,Special Event: National Day,,,,,,,,
2023/10/1,新化,Special Event: National Day,,,,,,,,
2023/10/1,华容,Special Event: National Day,,,,,,,,
2023/10/1,南县西,Special Event: National Day,,,,,,,,
2023/10/1,泥江口,Special Event: National Day,,,,,,,,
2023/10/1,心田,Special Event: National Day,,,,,,,,
2023/10/1,岐山,Special Event: National Day,,,,,,,,
2023/10/1,毛田,Special Event: National Day,,,,,,,,
2023/10/1,双峰西,Special Event: National Day,,,,,,,,
2023/10/1,檀山咀,Special Event: National Day,,,,,,,,
2023/10/1,鸟江,Special Event: National Day,,,,,,,,
2023/10/1,杨山,Special Event: National Day,,,,,,,,
2023/10/1,松木塘,Special Event: National Day,,,,,,,,
2023/10/1,道州南,Special Event: National Day,,,,,,,,
2023/10/1,回龙圩,Special Event: National Day,,,,,,,,
2023/10/1,寨市,Special Event: National Day,,,,,,,,
2023/10/1,大水,Special Event: National Day,,,,,,,,
2023/10/1,武冈西,Special Event: National Day,,,,,,,,
2023/10/1,怀化东,Special Event: National Day,,,,,,,,
2023/10/2,黄兴,Special Event: National Day,,,,,,,,
2023/10/2,榔梨,Special Event: National Day,,,,,,,,
2023/10/2,红旗,Special Event: National Day,,,,,,,,
2023/10/2,洞井,Special Event: National Day,,,,,,,,
2023/10/2,星城,Special Event: National Day,,,,,,,,
2023/10/2,岳阳东,Special Event: National Day,,,,,,,,
2023/10/2,简家坳,Special Event: National Day,,,,,,,,
2023/10/2,塔岭松柏,Special Event: National Day,,,,,,,,
2023/10/2,常宁,Special Event: National Day,,,,,,,,
2023/10/2,流峰,Special Event: National Day,,,,,,,,
2023/10/2,余田,Special Event: National Day,,,,,,,,
2023/10/2,嘉禾,Special Event: National Day,,,,,,,,
2023/10/2,临武,Special Event: National Day,,,,,,,,
2023/10/2,黄沙,Special Event: National Day,,,,,,,,
2023/10/2,南江,Special Event: National Day,,,,,,,,
2023/10/2,平江,Special Event: National Day,,,,,,,,
2023/10/2,社港,Special Event: National Day,,,,,,,,
2023/10/2,北盛,Special Event: National Day,,,,,,,,
2023/10/2,跃龙,Special Event: National Day,,,,,,,,
2023/10/2,板衫,Special Event: National Day,,,,,,,,
2023/10/2,黎家冲,Special Event: National Day,,,,,,,,
2023/10/2,皇图岭,Special Event: National Day,,,,,,,,
2023/10/2,虎踞,Special Event: National Day,,,,,,,,
2023/10/2,茶陵,Special Event: National Day,,,,,,,,
2023/10/2,炎陵西,Special Event: National Day,,,,,,,,
2023/10/2,八面山,Special Event: National Day,,,,,,,,
2023/10/2,田庄,Special Event: National Day,,,,,,,,
2023/10/2,九龙江,Special Event: National Day,,,,,,,,
2023/10/2,炎陵,Special Event: National Day,,,,,,,,
2023/10/2,羊楼司,Special Event: National Day,,,,,,,,
2023/10/2,桃林大荆,Special Event: National Day,,,,,,,,
2023/10/2,开慧,Special Event: National Day,,,,,,,,
2023/10/2,杨梓冲,Special Event: National Day,,,,,,,,
2023/10/2,李家塘,Special Event: National Day,,,,,,,,
2023/10/2,伞铺,Special Event: National Day,,,,,,,,
2023/10/2,新塘,Special Event: National Day,,,,,,,,
2023/10/2,冠市,Special Event: National Day,,,,,,,,
2023/10/2,耒阳,Special Event: National Day,,,,,,,,
2023/10/2,马田,Special Event: National Day,,,,,,,,
2023/10/2,郴州,Special Event: National Day,,,,,,,,
2023/10/2,良田,Special Event: National Day,,,,,,,,
2023/10/2,小塘,Special Event: National Day,,,,,,,,
2023/10/2,金桥,Special Event: National Day,,,,,,,,
2023/10/2,友仁,Special Event: National Day,,,,,,,,
2023/10/2,关山,Special Event: National Day,,,,,,,,
2023/10/2,金洲,Special Event: National Day,,,,,,,,
2023/10/2,宁乡,Special Event: National Day,,,,,,,,
2023/10/2,泉交河,Special Event: National Day,,,,,,,,
2023/10/2,朝阳,Special Event: National Day,,,,,,,,
2023/10/2,益阳北,Special Event: National Day,,,,,,,,
2023/10/2,谢家铺,Special Event: National Day,,,,,,,,
2023/10/2,热市,Special Event: National Day,,,,,,,,
2023/10/2,慈利西,Special Event: National Day,,,,,,,,
2023/10/2,阳和,Special Event: National Day,,,,,,,,
2023/10/2,教字垭,Special Event: National Day,,,,,,,,
2023/10/2,龙山,Special Event: National Day,,,,,,,,
2023/10/2,邵阳县,Special Event: National Day,,,,,,,,
2023/10/2,永州北,Special Event: National Day,,,,,,,,
2023/10/2,接履桥,Special Event: National Day,,,,,,,,
2023/10/2,阳明山,Special Event: National Day,,,,,,,,
2023/10/2,宁远,Special Event: National Day,,,,,,,,
2023/10/2,蓝山,Special Event: National Day,,,,,,,,
2023/10/2,詹桥,Special Event: National Day,,,,,,,,
2023/10/2,河洑,Special Event: National Day,,,,,,,,
2023/10/2,桃源,Special Event: National Day,,,,,,,,
2023/10/2,官庄,Special Event: National Day,,,,,,,,
2023/10/2,沅陵,Special Event: National Day,,,,,,,,
2023/10/2,泸溪,Special Event: National Day,,,,,,,,
2023/10/2,吉首东,Special Event: National Day,,,,,,,,
2023/10/2,吉首南,Special Event: National Day,,,,,,,,
2023/10/2,凤凰西,Special Event: National Day,,,,,,,,
2023/10/2,崀山,Special Event: National Day,,,,,,,,
2023/10/2,张坊,Special Event: National Day,,,,,,,,
2023/10/2,古港,Special Event: National Day,,,,,,,,
2023/10/2,砰山,Special Event: National Day,,,,,,,,
2023/10/2,黄花,Special Event: National Day,,,,,,,,
2023/10/2,株洲北,Special Event: National Day,,,,,,,,
2023/10/2,湘潭,Special Event: National Day,,,,,,,,
2023/10/2,湘乡,Special Event: National Day,,,,,,,,
2023/10/2,娄底,Special Event: National Day,,,,,,,,
2023/10/2,廉桥,Special Event: National Day,,,,,,,,
2023/10/2,邵阳南,Special Event: National Day,,,,,,,,
2023/10/2,隆回,Special Event: National Day,,,,,,,,
2023/10/2,洞口,Special Event: National Day,,,,,,,,
2023/10/2,江口,Special Event: National Day,,,,,,,,
2023/10/2,中方,Special Event: National Day,,,,,,,,
2023/10/2,芷江,Special Event: National Day,,,,,,,,
2023/10/2,新晃,Special Event: National Day,,,,,,,,
2023/10/2,茶峒,Special Event: National Day,,,,,,,,
2023/10/2,矮寨,Special Event: National Day,,,,,,,,
2023/10/2,凤凰,Special Event: National Day,,,,,,,,
2023/10/2,怀化西,Special Event: National Day,,,,,,,,
2023/10/2,怀化南,Special Event: National Day,,,,,,,,
2023/10/2,洪江,Special Event: National Day,,,,,,,,
2023/10/2,会同,Special Event: National Day,,,,,,,,
2023/10/2,靖州,Special Event: National Day,,,,,,,,
2023/10/2,乐安铺,Special Event: National Day,,,,,,,,
2023/10/2,双江,Special Event: National Day,,,,,,,,
2023/10/2,通道,Special Event: National Day,,,,,,,,
2023/10/2,界化垄,Special Event: National Day,,,,,,,,
2023/10/2,攸县,Special Event: National Day,,,,,,,,
2023/10/2,衡东,Special Event: National Day,,,,,,,,
2023/10/2,洪市,Special Event: National Day,,,,,,,,
2023/10/2,石埠,Special Event: National Day,,,,,,,,
2023/10/2,大忠桥,Special Event: National Day,,,,,,,,
2023/10/2,枣木铺,Special Event: National Day,,,,,,,,
2023/10/2,益将,Special Event: National Day,,,,,,,,
2023/10/2,岭秀,Special Event: National Day,,,,,,,,
2023/10/2,平和,Special Event: National Day,,,,,,,,
2023/10/2,郴州西,Special Event: National Day,,,,,,,,
2023/10/2,燕塘,Special Event: National Day,,,,,,,,
2023/10/2,祠堂圩,Special Event: National Day,,,,,,,,
2023/10/2,宁远西,Special Event: National Day,,,,,,,,
2023/10/2,道州东,Special Event: National Day,,,,,,,,
2023/10/2,仙子脚,Special Event: National Day,,,,,,,,
2023/10/2,韶山,Special Event: National Day,,,,,,,,
2023/10/2,张家界西,Special Event: National Day,,,,,,,,
2023/10/2,芙蓉镇西,Special Event: National Day,,,,,,,,
2023/10/2,花垣,Special Event: National Day,,,,,,,,
2023/10/2,桃花江,Special Event: National Day,,,,,,,,
2023/10/2,马迹塘西,Special Event: National Day,,,,,,,,
2023/10/2,云龙,Special Event: National Day,,,,,,,,
2023/10/2,栗山塘,Special Event: National Day,,,,,,,,
2023/10/2,赤江互通东,Special Event: National Day,,,,,,,,
2023/10/2,道林互通东,Special Event: National Day,,,,,,,,
2023/10/2,韶山互通东,Special Event: National Day,,,,,,,,
2023/10/2,岐山互通东,Special Event: National Day,,,,,,,,
2023/10/2,龙塘互通东,Special Event: National Day,,,,,,,,
2023/10/2,溆浦,Special Event: National Day,,,,,,,,
2023/10/2,怀化北,Special Event: National Day,,,,,,,,
2023/10/2,朱溪,Special Event: National Day,,,,,,,,
2023/10/2,祝融,Special Event: National Day,,,,,,,,
2023/10/2,衡阳北,Special Event: National Day,,,,,,,,
2023/10/2,姚家坝,Special Event: National Day,,,,,,,,
2023/10/2,茶园,Special Event: National Day,,,,,,,,
2023/10/2,涟源,Special Event: National Day,,,,,,,,
2023/10/2,新化,Special Event: National Day,,,,,,,,
2023/10/2,华容,Special Event: National Day,,,,,,,,
2023/10/2,南县西,Special Event: National Day,,,,,,,,
2023/10/2,泥江口,Special Event: National Day,,,,,,,,
2023/10/2,心田,Special Event: National Day,,,,,,,,
2023/10/2,岐山,Special Event: National Day,,,,,,,,
2023/10/2,毛田,Special Event: National Day,,,,,,,,
2023/10/2,双峰西,Special Event: National Day,,,,,,,,
2023/10/2,檀山咀,Special Event: National Day,,,,,,,,
2023/10/2,鸟江,Special Event: National Day,,,,,,,,
2023/10/2,杨山,Special Event: National Day,,,,,,,,
2023/10/2,松木塘,Special Event: National Day,,,,,,,,
2023/10/2,道州南,Special Event: National Day,,,,,,,,
2023/10/2,回龙圩,Special Event: National Day,,,,,,,,
2023/10/2,寨市,Special Event: National Day,,,,,,,,
2023/10/2,大水,Special Event: National Day,,,,,,,,
2023/10/2,武冈西,Special Event: National Day,,,,,,,,
2023/10/2,怀化东,Special Event: National Day,,,,,,,,
2023/10/3,黄兴,Special Event: National Day,,,,,,,,
2023/10/3,榔梨,Special Event: National Day,,,,,,,,
2023/10/3,红旗,Special Event: National Day,,,,,,,,
2023/10/3,洞井,Special Event: National Day,,,,,,,,
2023/10/3,星城,Special Event: National Day,,,,,,,,
2023/10/3,岳阳东,Special Event: National Day,,,,,,,,
2023/10/3,简家坳,Special Event: National Day,,,,,,,,
2023/10/3,塔岭松柏,Special Event: National Day,,,,,,,,
2023/10/3,常宁,Special Event: National Day,,,,,,,,
2023/10/3,流峰,Special Event: National Day,,,,,,,,
2023/10/3,余田,Special Event: National Day,,,,,,,,
2023/10/3,嘉禾,Special Event: National Day,,,,,,,,
2023/10/3,临武,Special Event: National Day,,,,,,,,
2023/10/3,黄沙,Special Event: National Day,,,,,,,,
2023/10/3,南江,Special Event: National Day,,,,,,,,
2023/10/3,平江,Special Event: National Day,,,,,,,,
2023/10/3,社港,Special Event: National Day,,,,,,,,
2023/10/3,北盛,Special Event: National Day,,,,,,,,
2023/10/3,跃龙,Special Event: National Day,,,,,,,,
2023/10/3,板衫,Special Event: National Day,,,,,,,,
2023/10/3,黎家冲,Special Event: National Day,,,,,,,,
2023/10/3,皇图岭,Special Event: National Day,,,,,,,,
2023/10/3,虎踞,Special Event: National Day,,,,,,,,
2023/10/3,茶陵,Special Event: National Day,,,,,,,,
2023/10/3,炎陵西,Special Event: National Day,,,,,,,,
2023/10/3,八面山,Special Event: National Day,,,,,,,,
2023/10/3,田庄,Special Event: National Day,,,,,,,,
2023/10/3,九龙江,Special Event: National Day,,,,,,,,
2023/10/3,炎陵,Special Event: National Day,,,,,,,,
2023/10/3,羊楼司,Special Event: National Day,,,,,,,,
2023/10/3,桃林大荆,Special Event: National Day,,,,,,,,
2023/10/3,开慧,Special Event: National Day,,,,,,,,
2023/10/3,杨梓冲,Special Event: National Day,,,,,,,,
2023/10/3,李家塘,Special Event: National Day,,,,,,,,
2023/10/3,伞铺,Special Event: National Day,,,,,,,,
2023/10/3,新塘,Special Event: National Day,,,,,,,,
2023/10/3,冠市,Special Event: National Day,,,,,,,,
2023/10/3,耒阳,Special Event: National Day,,,,,,,,
2023/10/3,马田,Special Event: National Day,,,,,,,,
2023/10/3,郴州,Special Event: National Day,,,,,,,,
2023/10/3,良田,Special Event: National Day,,,,,,,,
2023/10/3,小塘,Special Event: National Day,,,,,,,,
2023/10/3,金桥,Special Event: National Day,,,,,,,,
2023/10/3,友仁,Special Event: National Day,,,,,,,,
2023/10/3,关山,Special Event: National Day,,,,,,,,
2023/10/3,金洲,Special Event: National Day,,,,,,,,
2023/10/3,宁乡,Special Event: National Day,,,,,,,,
2023/10/3,泉交河,Special Event: National Day,,,,,,,,
2023/10/3,朝阳,Special Event: National Day,,,,,,,,
2023/10/3,益阳北,Special Event: National Day,,,,,,,,
2023/10/3,谢家铺,Special Event: National Day,,,,,,,,
2023/10/3,热市,Special Event: National Day,,,,,,,,
2023/10/3,慈利西,Special Event: National Day,,,,,,,,
2023/10/3,阳和,Special Event: National Day,,,,,,,,
2023/10/3,教字垭,Special Event: National Day,,,,,,,,
2023/10/3,龙山,Special Event: National Day,,,,,,,,
2023/10/3,邵阳县,Special Event: National Day,,,,,,,,
2023/10/3,永州北,Special Event: National Day,,,,,,,,
2023/10/3,接履桥,Special Event: National Day,,,,,,,,
2023/10/3,阳明山,Special Event: National Day,,,,,,,,
2023/10/3,宁远,Special Event: National Day,,,,,,,,
2023/10/3,蓝山,Special Event: National Day,,,,,,,,
2023/10/3,詹桥,Special Event: National Day,,,,,,,,
2023/10/3,河洑,Special Event: National Day,,,,,,,,
2023/10/3,桃源,Special Event: National Day,,,,,,,,
2023/10/3,官庄,Special Event: National Day,,,,,,,,
2023/10/3,沅陵,Special Event: National Day,,,,,,,,
2023/10/3,泸溪,Special Event: National Day,,,,,,,,
2023/10/3,吉首东,Special Event: National Day,,,,,,,,
2023/10/3,吉首南,Special Event: National Day,,,,,,,,
2023/10/3,凤凰西,Special Event: National Day,,,,,,,,
2023/10/3,崀山,Special Event: National Day,,,,,,,,
2023/10/3,张坊,Special Event: National Day,,,,,,,,
2023/10/3,古港,Special Event: National Day,,,,,,,,
2023/10/3,砰山,Special Event: National Day,,,,,,,,
2023/10/3,黄花,Special Event: National Day,,,,,,,,
2023/10/3,株洲北,Special Event: National Day,,,,,,,,
2023/10/3,湘潭,Special Event: National Day,,,,,,,,
2023/10/3,湘乡,Special Event: National Day,,,,,,,,
2023/10/3,娄底,Special Event: National Day,,,,,,,,
2023/10/3,廉桥,Special Event: National Day,,,,,,,,
2023/10/3,邵阳南,Special Event: National Day,,,,,,,,
2023/10/3,隆回,Special Event: National Day,,,,,,,,
2023/10/3,洞口,Special Event: National Day,,,,,,,,
2023/10/3,江口,Special Event: National Day,,,,,,,,
2023/10/3,中方,Special Event: National Day,,,,,,,,
2023/10/3,芷江,Special Event: National Day,,,,,,,,
2023/10/3,新晃,Special Event: National Day,,,,,,,,
2023/10/3,茶峒,Special Event: National Day,,,,,,,,
2023/10/3,矮寨,Special Event: National Day,,,,,,,,
2023/10/3,凤凰,Special Event: National Day,,,,,,,,
2023/10/3,怀化西,Special Event: National Day,,,,,,,,
2023/10/3,怀化南,Special Event: National Day,,,,,,,,
2023/10/3,洪江,Special Event: National Day,,,,,,,,
2023/10/3,会同,Special Event: National Day,,,,,,,,
2023/10/3,靖州,Special Event: National Day,,,,,,,,
2023/10/3,乐安铺,Special Event: National Day,,,,,,,,
2023/10/3,双江,Special Event: National Day,,,,,,,,
2023/10/3,通道,Special Event: National Day,,,,,,,,
2023/10/3,界化垄,Special Event: National Day,,,,,,,,
2023/10/3,攸县,Special Event: National Day,,,,,,,,
2023/10/3,衡东,Special Event: National Day,,,,,,,,
2023/10/3,洪市,Special Event: National Day,,,,,,,,
2023/10/3,石埠,Special Event: National Day,,,,,,,,
2023/10/3,大忠桥,Special Event: National Day,,,,,,,,
2023/10/3,枣木铺,Special Event: National Day,,,,,,,,
2023/10/3,益将,Special Event: National Day,,,,,,,,
2023/10/3,岭秀,Special Event: National Day,,,,,,,,
2023/10/3,平和,Special Event: National Day,,,,,,,,
2023/10/3,郴州西,Special Event: National Day,,,,,,,,
2023/10/3,燕塘,Special Event: National Day,,,,,,,,
2023/10/3,祠堂圩,Special Event: National Day,,,,,,,,
2023/10/3,宁远西,Special Event: National Day,,,,,,,,
2023/10/3,道州东,Special Event: National Day,,,,,,,,
2023/10/3,仙子脚,Special Event: National Day,,,,,,,,
2023/10/3,韶山,Special Event: National Day,,,,,,,,
2023/10/3,张家界西,Special Event: National Day,,,,,,,,
2023/10/3,芙蓉镇西,Special Event: National Day,,,,,,,,
2023/10/3,花垣,Special Event: National Day,,,,,,,,
2023/10/3,桃花江,Special Event: National Day,,,,,,,,
2023/10/3,马迹塘西,Special Event: National Day,,,,,,,,
2023/10/3,云龙,Special Event: National Day,,,,,,,,
2023/10/3,栗山塘,Special Event: National Day,,,,,,,,
2023/10/3,赤江互通东,Special Event: National Day,,,,,,,,
2023/10/3,道林互通东,Special Event: National Day,,,,,,,,
2023/10/3,韶山互通东,Special Event: National Day,,,,,,,,
2023/10/3,岐山互通东,Special Event: National Day,,,,,,,,
2023/10/3,龙塘互通东,Special Event: National Day,,,,,,,,
2023/10/3,溆浦,Special Event: National Day,,,,,,,,
2023/10/3,怀化北,Special Event: National Day,,,,,,,,
2023/10/3,朱溪,Special Event: National Day,,,,,,,,
2023/10/3,祝融,Special Event: National Day,,,,,,,,
2023/10/3,衡阳北,Special Event: National Day,,,,,,,,
2023/10/3,姚家坝,Special Event: National Day,,,,,,,,
2023/10/3,茶园,Special Event: National Day,,,,,,,,
2023/10/3,涟源,Special Event: National Day,,,,,,,,
2023/10/3,新化,Special Event: National Day,,,,,,,,
2023/10/3,华容,Special Event: National Day,,,,,,,,
2023/10/3,南县西,Special Event: National Day,,,,,,,,
2023/10/3,泥江口,Special Event: National Day,,,,,,,,
2023/10/3,心田,Special Event: National Day,,,,,,,,
2023/10/3,岐山,Special Event: National Day,,,,,,,,
2023/10/3,毛田,Special Event: National Day,,,,,,,,
2023/10/3,双峰西,Special Event: National Day,,,,,,,,
2023/10/3,檀山咀,Special Event: National Day,,,,,,,,
2023/10/3,鸟江,Special Event: National Day,,,,,,,,
2023/10/3,杨山,Special Event: National Day,,,,,,,,
2023/10/3,松木塘,Special Event: National Day,,,,,,,,
2023/10/3,道州南,Special Event: National Day,,,,,,,,
2023/10/3,回龙圩,Special Event: National Day,,,,,,,,
2023/10/3,寨市,Special Event: National Day,,,,,,,,
2023/10/3,大水,Special Event: National Day,,,,,,,,
2023/10/3,武冈西,Special Event: National Day,,,,,,,,
2023/10/3,怀化东,Special Event: National Day,,,,,,,,
2023/10/4,黄兴,Special Event: National Day,,,,,,,,
2023/10/4,榔梨,Special Event: National Day,,,,,,,,
2023/10/4,红旗,Special Event: National Day,,,,,,,,
2023/10/4,洞井,Special Event: National Day,,,,,,,,
2023/10/4,星城,Special Event: National Day,,,,,,,,
2023/10/4,岳阳东,Special Event: National Day,,,,,,,,
2023/10/4,简家坳,Special Event: National Day,,,,,,,,
2023/10/4,塔岭松柏,Special Event: National Day,,,,,,,,
2023/10/4,常宁,Special Event: National Day,,,,,,,,
2023/10/4,流峰,Special Event: National Day,,,,,,,,
2023/10/4,余田,Special Event: National Day,,,,,,,,
2023/10/4,嘉禾,Special Event: National Day,,,,,,,,
2023/10/4,临武,Special Event: National Day,,,,,,,,
2023/10/4,黄沙,Special Event: National Day,,,,,,,,
2023/10/4,南江,Special Event: National Day,,,,,,,,
2023/10/4,平江,Special Event: National Day,,,,,,,,
2023/10/4,社港,Special Event: National Day,,,,,,,,
2023/10/4,北盛,Special Event: National Day,,,,,,,,
2023/10/4,跃龙,Special Event: National Day,,,,,,,,
2023/10/4,板衫,Special Event: National Day,,,,,,,,
2023/10/4,黎家冲,Special Event: National Day,,,,,,,,
2023/10/4,皇图岭,Special Event: National Day,,,,,,,,
2023/10/4,虎踞,Special Event: National Day,,,,,,,,
2023/10/4,茶陵,Special Event: National Day,,,,,,,,
2023/10/4,炎陵西,Special Event: National Day,,,,,,,,
2023/10/4,八面山,Special Event: National Day,,,,,,,,
2023/10/4,田庄,Special Event: National Day,,,,,,,,
2023/10/4,九龙江,Special Event: National Day,,,,,,,,
2023/10/4,炎陵,Special Event: National Day,,,,,,,,
2023/10/4,羊楼司,Special Event: National Day,,,,,,,,
2023/10/4,桃林大荆,Special Event: National Day,,,,,,,,
2023/10/4,开慧,Special Event: National Day,,,,,,,,
2023/10/4,杨梓冲,Special Event: National Day,,,,,,,,
2023/10/4,李家塘,Special Event: National Day,,,,,,,,
2023/10/4,伞铺,Special Event: National Day,,,,,,,,
2023/10/4,新塘,Special Event: National Day,,,,,,,,
2023/10/4,冠市,Special Event: National Day,,,,,,,,
2023/10/4,耒阳,Special Event: National Day,,,,,,,,
2023/10/4,马田,Special Event: National Day,,,,,,,,
2023/10/4,郴州,Special Event: National Day,,,,,,,,
2023/10/4,良田,Special Event: National Day,,,,,,,,
2023/10/4,小塘,Special Event: National Day,,,,,,,,
2023/10/4,金桥,Special Event: National Day,,,,,,,,
2023/10/4,友仁,Special Event: National Day,,,,,,,,
2023/10/4,关山,Special Event: National Day,,,,,,,,
2023/10/4,金洲,Special Event: National Day,,,,,,,,
2023/10/4,宁乡,Special Event: National Day,,,,,,,,
2023/10/4,泉交河,Special Event: National Day,,,,,,,,
2023/10/4,朝阳,Special Event: National Day,,,,,,,,
2023/10/4,益阳北,Special Event: National Day,,,,,,,,
2023/10/4,谢家铺,Special Event: National Day,,,,,,,,
2023/10/4,热市,Special Event: National Day,,,,,,,,
2023/10/4,慈利西,Special Event: National Day,,,,,,,,
2023/10/4,阳和,Special Event: National Day,,,,,,,,
2023/10/4,教字垭,Special Event: National Day,,,,,,,,
2023/10/4,龙山,Special Event: National Day,,,,,,,,
2023/10/4,邵阳县,Special Event: National Day,,,,,,,,
2023/10/4,永州北,Special Event: National Day,,,,,,,,
2023/10/4,接履桥,Special Event: National Day,,,,,,,,
2023/10/4,阳明山,Special Event: National Day,,,,,,,,
2023/10/4,宁远,Special Event: National Day,,,,,,,,
2023/10/4,蓝山,Special Event: National Day,,,,,,,,
2023/10/4,詹桥,Special Event: National Day,,,,,,,,
2023/10/4,河洑,Special Event: National Day,,,,,,,,
2023/10/4,桃源,Special Event: National Day,,,,,,,,
2023/10/4,官庄,Special Event: National Day,,,,,,,,
2023/10/4,沅陵,Special Event: National Day,,,,,,,,
2023/10/4,泸溪,Special Event: National Day,,,,,,,,
2023/10/4,吉首东,Special Event: National Day,,,,,,,,
2023/10/4,吉首南,Special Event: National Day,,,,,,,,
2023/10/4,凤凰西,Special Event: National Day,,,,,,,,
2023/10/4,崀山,Special Event: National Day,,,,,,,,
2023/10/4,张坊,Special Event: National Day,,,,,,,,
2023/10/4,古港,Special Event: National Day,,,,,,,,
2023/10/4,砰山,Special Event: National Day,,,,,,,,
2023/10/4,黄花,Special Event: National Day,,,,,,,,
2023/10/4,株洲北,Special Event: National Day,,,,,,,,
2023/10/4,湘潭,Special Event: National Day,,,,,,,,
2023/10/4,湘乡,Special Event: National Day,,,,,,,,
2023/10/4,娄底,Special Event: National Day,,,,,,,,
2023/10/4,廉桥,Special Event: National Day,,,,,,,,
2023/10/4,邵阳南,Special Event: National Day,,,,,,,,
2023/10/4,隆回,Special Event: National Day,,,,,,,,
2023/10/4,洞口,Special Event: National Day,,,,,,,,
2023/10/4,江口,Special Event: National Day,,,,,,,,
2023/10/4,中方,Special Event: National Day,,,,,,,,
2023/10/4,芷江,Special Event: National Day,,,,,,,,
2023/10/4,新晃,Special Event: National Day,,,,,,,,
2023/10/4,茶峒,Special Event: National Day,,,,,,,,
2023/10/4,矮寨,Special Event: National Day,,,,,,,,
2023/10/4,凤凰,Special Event: National Day,,,,,,,,
2023/10/4,怀化西,Special Event: National Day,,,,,,,,
2023/10/4,怀化南,Special Event: National Day,,,,,,,,
2023/10/4,洪江,Special Event: National Day,,,,,,,,
2023/10/4,会同,Special Event: National Day,,,,,,,,
2023/10/4,靖州,Special Event: National Day,,,,,,,,
2023/10/4,乐安铺,Special Event: National Day,,,,,,,,
2023/10/4,双江,Special Event: National Day,,,,,,,,
2023/10/4,通道,Special Event: National Day,,,,,,,,
2023/10/4,界化垄,Special Event: National Day,,,,,,,,
2023/10/4,攸县,Special Event: National Day,,,,,,,,
2023/10/4,衡东,Special Event: National Day,,,,,,,,
2023/10/4,洪市,Special Event: National Day,,,,,,,,
2023/10/4,石埠,Special Event: National Day,,,,,,,,
2023/10/4,大忠桥,Special Event: National Day,,,,,,,,
2023/10/4,枣木铺,Special Event: National Day,,,,,,,,
2023/10/4,益将,Special Event: National Day,,,,,,,,
2023/10/4,岭秀,Special Event: National Day,,,,,,,,
2023/10/4,平和,Special Event: National Day,,,,,,,,
2023/10/4,郴州西,Special Event: National Day,,,,,,,,
2023/10/4,燕塘,Special Event: National Day,,,,,,,,
2023/10/4,祠堂圩,Special Event: National Day,,,,,,,,
2023/10/4,宁远西,Special Event: National Day,,,,,,,,
2023/10/4,道州东,Special Event: National Day,,,,,,,,
2023/10/4,仙子脚,Special Event: National Day,,,,,,,,
2023/10/4,韶山,Special Event: National Day,,,,,,,,
2023/10/4,张家界西,Special Event: National Day,,,,,,,,
2023/10/4,芙蓉镇西,Special Event: National Day,,,,,,,,
2023/10/4,花垣,Special Event: National Day,,,,,,,,
2023/10/4,桃花江,Special Event: National Day,,,,,,,,
2023/10/4,马迹塘西,Special Event: National Day,,,,,,,,
2023/10/4,云龙,Special Event: National Day,,,,,,,,
2023/10/4,栗山塘,Special Event: National Day,,,,,,,,
2023/10/4,赤江互通东,Special Event: National Day,,,,,,,,
2023/10/4,道林互通东,Special Event: National Day,,,,,,,,
2023/10/4,韶山互通东,Special Event: National Day,,,,,,,,
2023/10/4,岐山互通东,Special Event: National Day,,,,,,,,
2023/10/4,龙塘互通东,Special Event: National Day,,,,,,,,
2023/10/4,溆浦,Special Event: National Day,,,,,,,,
2023/10/4,怀化北,Special Event: National Day,,,,,,,,
2023/10/4,朱溪,Special Event: National Day,,,,,,,,
2023/10/4,祝融,Special Event: National Day,,,,,,,,
2023/10/4,衡阳北,Special Event: National Day,,,,,,,,
2023/10/4,姚家坝,Special Event: National Day,,,,,,,,
2023/10/4,茶园,Special Event: National Day,,,,,,,,
2023/10/4,涟源,Special Event: National Day,,,,,,,,
2023/10/4,新化,Special Event: National Day,,,,,,,,
2023/10/4,华容,Special Event: National Day,,,,,,,,
2023/10/4,南县西,Special Event: National Day,,,,,,,,
2023/10/4,泥江口,Special Event: National Day,,,,,,,,
2023/10/4,心田,Special Event: National Day,,,,,,,,
2023/10/4,岐山,Special Event: National Day,,,,,,,,
2023/10/4,毛田,Special Event: National Day,,,,,,,,
2023/10/4,双峰西,Special Event: National Day,,,,,,,,
2023/10/4,檀山咀,Special Event: National Day,,,,,,,,
2023/10/4,鸟江,Special Event: National Day,,,,,,,,
2023/10/4,杨山,Special Event: National Day,,,,,,,,
2023/10/4,松木塘,Special Event: National Day,,,,,,,,
2023/10/4,道州南,Special Event: National Day,,,,,,,,
2023/10/4,回龙圩,Special Event: National Day,,,,,,,,
2023/10/4,寨市,Special Event: National Day,,,,,,,,
2023/10/4,大水,Special Event: National Day,,,,,,,,
2023/10/4,武冈西,Special Event: National Day,,,,,,,,
2023/10/4,怀化东,Special Event: National Day,,,,,,,,
2023/10/5,黄兴,Special Event: National Day,,,,,,,,
2023/10/5,榔梨,Special Event: National Day,,,,,,,,
2023/10/5,红旗,Special Event: National Day,,,,,,,,
2023/10/5,洞井,Special Event: National Day,,,,,,,,
2023/10/5,星城,Special Event: National Day,,,,,,,,
2023/10/5,岳阳东,Special Event: National Day,,,,,,,,
2023/10/5,简家坳,Special Event: National Day,,,,,,,,
2023/10/5,塔岭松柏,Special Event: National Day,,,,,,,,
2023/10/5,常宁,Special Event: National Day,,,,,,,,
2023/10/5,流峰,Special Event: National Day,,,,,,,,
2023/10/5,余田,Special Event: National Day,,,,,,,,
2023/10/5,嘉禾,Special Event: National Day,,,,,,,,
2023/10/5,临武,Special Event: National Day,,,,,,,,
2023/10/5,黄沙,Special Event: National Day,,,,,,,,
2023/10/5,南江,Special Event: National Day,,,,,,,,
2023/10/5,平江,Special Event: National Day,,,,,,,,
2023/10/5,社港,Special Event: National Day,,,,,,,,
2023/10/5,北盛,Special Event: National Day,,,,,,,,
2023/10/5,跃龙,Special Event: National Day,,,,,,,,
2023/10/5,板衫,Special Event: National Day,,,,,,,,
2023/10/5,黎家冲,Special Event: National Day,,,,,,,,
2023/10/5,皇图岭,Special Event: National Day,,,,,,,,
2023/10/5,虎踞,Special Event: National Day,,,,,,,,
2023/10/5,茶陵,Special Event: National Day,,,,,,,,
2023/10/5,炎陵西,Special Event: National Day,,,,,,,,
2023/10/5,八面山,Special Event: National Day,,,,,,,,
2023/10/5,田庄,Special Event: National Day,,,,,,,,
2023/10/5,九龙江,Special Event: National Day,,,,,,,,
2023/10/5,炎陵,Special Event: National Day,,,,,,,,
2023/10/5,羊楼司,Special Event: National Day,,,,,,,,
2023/10/5,桃林大荆,Special Event: National Day,,,,,,,,
2023/10/5,开慧,Special Event: National Day,,,,,,,,
2023/10/5,杨梓冲,Special Event: National Day,,,,,,,,
2023/10/5,李家塘,Special Event: National Day,,,,,,,,
2023/10/5,伞铺,Special Event: National Day,,,,,,,,
2023/10/5,新塘,Special Event: National Day,,,,,,,,
2023/10/5,冠市,Special Event: National Day,,,,,,,,
2023/10/5,耒阳,Special Event: National Day,,,,,,,,
2023/10/5,马田,Special Event: National Day,,,,,,,,
2023/10/5,郴州,Special Event: National Day,,,,,,,,
2023/10/5,良田,Special Event: National Day,,,,,,,,
2023/10/5,小塘,Special Event: National Day,,,,,,,,
2023/10/5,金桥,Special Event: National Day,,,,,,,,
2023/10/5,友仁,Special Event: National Day,,,,,,,,
2023/10/5,关山,Special Event: National Day,,,,,,,,
2023/10/5,金洲,Special Event: National Day,,,,,,,,
2023/10/5,宁乡,Special Event: National Day,,,,,,,,
2023/10/5,泉交河,Special Event: National Day,,,,,,,,
2023/10/5,朝阳,Special Event: National Day,,,,,,,,
2023/10/5,益阳北,Special Event: National Day,,,,,,,,
2023/10/5,谢家铺,Special Event: National Day,,,,,,,,
2023/10/5,热市,Special Event: National Day,,,,,,,,
2023/10/5,慈利西,Special Event: National Day,,,,,,,,
2023/10/5,阳和,Special Event: National Day,,,,,,,,
2023/10/5,教字垭,Special Event: National Day,,,,,,,,
2023/10/5,龙山,Special Event: National Day,,,,,,,,
2023/10/5,邵阳县,Special Event: National Day,,,,,,,,
2023/10/5,永州北,Special Event: National Day,,,,,,,,
2023/10/5,接履桥,Special Event: National Day,,,,,,,,
2023/10/5,阳明山,Special Event: National Day,,,,,,,,
2023/10/5,宁远,Special Event: National Day,,,,,,,,
2023/10/5,蓝山,Special Event: National Day,,,,,,,,
2023/10/5,詹桥,Special Event: National Day,,,,,,,,
2023/10/5,河洑,Special Event: National Day,,,,,,,,
2023/10/5,桃源,Special Event: National Day,,,,,,,,
2023/10/5,官庄,Special Event: National Day,,,,,,,,
2023/10/5,沅陵,Special Event: National Day,,,,,,,,
2023/10/5,泸溪,Special Event: National Day,,,,,,,,
2023/10/5,吉首东,Special Event: National Day,,,,,,,,
2023/10/5,吉首南,Special Event: National Day,,,,,,,,
2023/10/5,凤凰西,Special Event: National Day,,,,,,,,
2023/10/5,崀山,Special Event: National Day,,,,,,,,
2023/10/5,张坊,Special Event: National Day,,,,,,,,
2023/10/5,古港,Special Event: National Day,,,,,,,,
2023/10/5,砰山,Special Event: National Day,,,,,,,,
2023/10/5,黄花,Special Event: National Day,,,,,,,,
2023/10/5,株洲北,Special Event: National Day,,,,,,,,
2023/10/5,湘潭,Special Event: National Day,,,,,,,,
2023/10/5,湘乡,Special Event: National Day,,,,,,,,
2023/10/5,娄底,Special Event: National Day,,,,,,,,
2023/10/5,廉桥,Special Event: National Day,,,,,,,,
2023/10/5,邵阳南,Special Event: National Day,,,,,,,,
2023/10/5,隆回,Special Event: National Day,,,,,,,,
2023/10/5,洞口,Special Event: National Day,,,,,,,,
2023/10/5,江口,Special Event: National Day,,,,,,,,
2023/10/5,中方,Special Event: National Day,,,,,,,,
2023/10/5,芷江,Special Event: National Day,,,,,,,,
2023/10/5,新晃,Special Event: National Day,,,,,,,,
2023/10/5,茶峒,Special Event: National Day,,,,,,,,
2023/10/5,矮寨,Special Event: National Day,,,,,,,,
2023/10/5,凤凰,Special Event: National Day,,,,,,,,
2023/10/5,怀化西,Special Event: National Day,,,,,,,,
2023/10/5,怀化南,Special Event: National Day,,,,,,,,
2023/10/5,洪江,Special Event: National Day,,,,,,,,
2023/10/5,会同,Special Event: National Day,,,,,,,,
2023/10/5,靖州,Special Event: National Day,,,,,,,,
2023/10/5,乐安铺,Special Event: National Day,,,,,,,,
2023/10/5,双江,Special Event: National Day,,,,,,,,
2023/10/5,通道,Special Event: National Day,,,,,,,,
2023/10/5,界化垄,Special Event: National Day,,,,,,,,
2023/10/5,攸县,Special Event: National Day,,,,,,,,
2023/10/5,衡东,Special Event: National Day,,,,,,,,
2023/10/5,洪市,Special Event: National Day,,,,,,,,
2023/10/5,石埠,Special Event: National Day,,,,,,,,
2023/10/5,大忠桥,Special Event: National Day,,,,,,,,
2023/10/5,枣木铺,Special Event: National Day,,,,,,,,
2023/10/5,益将,Special Event: National Day,,,,,,,,
2023/10/5,岭秀,Special Event: National Day,,,,,,,,
2023/10/5,平和,Special Event: National Day,,,,,,,,
2023/10/5,郴州西,Special Event: National Day,,,,,,,,
2023/10/5,燕塘,Special Event: National Day,,,,,,,,
2023/10/5,祠堂圩,Special Event: National Day,,,,,,,,
2023/10/5,宁远西,Special Event: National Day,,,,,,,,
2023/10/5,道州东,Special Event: National Day,,,,,,,,
2023/10/5,仙子脚,Special Event: National Day,,,,,,,,
2023/10/5,韶山,Special Event: National Day,,,,,,,,
2023/10/5,张家界西,Special Event: National Day,,,,,,,,
2023/10/5,芙蓉镇西,Special Event: National Day,,,,,,,,
2023/10/5,花垣,Special Event: National Day,,,,,,,,
2023/10/5,桃花江,Special Event: National Day,,,,,,,,
2023/10/5,马迹塘西,Special Event: National Day,,,,,,,,
2023/10/5,云龙,Special Event: National Day,,,,,,,,
2023/10/5,栗山塘,Special Event: National Day,,,,,,,,
2023/10/5,赤江互通东,Special Event: National Day,,,,,,,,
2023/10/5,道林互通东,Special Event: National Day,,,,,,,,
2023/10/5,韶山互通东,Special Event: National Day,,,,,,,,
2023/10/5,岐山互通东,Special Event: National Day,,,,,,,,
2023/10/5,龙塘互通东,Special Event: National Day,,,,,,,,
2023/10/5,溆浦,Special Event: National Day,,,,,,,,
2023/10/5,怀化北,Special Event: National Day,,,,,,,,
2023/10/5,朱溪,Special Event: National Day,,,,,,,,
2023/10/5,祝融,Special Event: National Day,,,,,,,,
2023/10/5,衡阳北,Special Event: National Day,,,,,,,,
2023/10/5,姚家坝,Special Event: National Day,,,,,,,,
2023/10/5,茶园,Special Event: National Day,,,,,,,,
2023/10/5,涟源,Special Event: National Day,,,,,,,,
2023/10/5,新化,Special Event: National Day,,,,,,,,
2023/10/5,华容,Special Event: National Day,,,,,,,,
2023/10/5,南县西,Special Event: National Day,,,,,,,,
2023/10/5,泥江口,Special Event: National Day,,,,,,,,
2023/10/5,心田,Special Event: National Day,,,,,,,,
2023/10/5,岐山,Special Event: National Day,,,,,,,,
2023/10/5,毛田,Special Event: National Day,,,,,,,,
2023/10/5,双峰西,Special Event: National Day,,,,,,,,
2023/10/5,檀山咀,Special Event: National Day,,,,,,,,
2023/10/5,鸟江,Special Event: National Day,,,,,,,,
2023/10/5,杨山,Special Event: National Day,,,,,,,,
2023/10/5,松木塘,Special Event: National Day,,,,,,,,
2023/10/5,道州南,Special Event: National Day,,,,,,,,
2023/10/5,回龙圩,Special Event: National Day,,,,,,,,
2023/10/5,寨市,Special Event: National Day,,,,,,,,
2023/10/5,大水,Special Event: National Day,,,,,,,,
2023/10/5,武冈西,Special Event: National Day,,,,,,,,
2023/10/5,怀化东,Special Event: National Day,,,,,,,,
2023/10/6,黄兴,Special Event: National Day,,,,,,,,
2023/10/6,榔梨,Special Event: National Day,,,,,,,,
2023/10/6,红旗,Special Event: National Day,,,,,,,,
2023/10/6,洞井,Special Event: National Day,,,,,,,,
2023/10/6,星城,Special Event: National Day,,,,,,,,
2023/10/6,岳阳东,Special Event: National Day,,,,,,,,
2023/10/6,简家坳,Special Event: National Day,,,,,,,,
2023/10/6,塔岭松柏,Special Event: National Day,,,,,,,,
2023/10/6,常宁,Special Event: National Day,,,,,,,,
2023/10/6,流峰,Special Event: National Day,,,,,,,,
2023/10/6,余田,Special Event: National Day,,,,,,,,
2023/10/6,嘉禾,Special Event: National Day,,,,,,,,
2023/10/6,临武,Special Event: National Day,,,,,,,,
2023/10/6,黄沙,Special Event: National Day,,,,,,,,
2023/10/6,南江,Special Event: National Day,,,,,,,,
2023/10/6,平江,Special Event: National Day,,,,,,,,
2023/10/6,社港,Special Event: National Day,,,,,,,,
2023/10/6,北盛,Special Event: National Day,,,,,,,,
2023/10/6,跃龙,Special Event: National Day,,,,,,,,
2023/10/6,板衫,Special Event: National Day,,,,,,,,
2023/10/6,黎家冲,Special Event: National Day,,,,,,,,
2023/10/6,皇图岭,Special Event: National Day,,,,,,,,
2023/10/6,虎踞,Special Event: National Day,,,,,,,,
2023/10/6,茶陵,Special Event: National Day,,,,,,,,
2023/10/6,炎陵西,Special Event: National Day,,,,,,,,
2023/10/6,八面山,Special Event: National Day,,,,,,,,
2023/10/6,田庄,Special Event: National Day,,,,,,,,
2023/10/6,九龙江,Special Event: National Day,,,,,,,,
2023/10/6,炎陵,Special Event: National Day,,,,,,,,
2023/10/6,羊楼司,Special Event: National Day,,,,,,,,
2023/10/6,桃林大荆,Special Event: National Day,,,,,,,,
2023/10/6,开慧,Special Event: National Day,,,,,,,,
2023/10/6,杨梓冲,Special Event: National Day,,,,,,,,
2023/10/6,李家塘,Special Event: National Day,,,,,,,,
2023/10/6,伞铺,Special Event: National Day,,,,,,,,
2023/10/6,新塘,Special Event: National Day,,,,,,,,
2023/10/6,冠市,Special Event: National Day,,,,,,,,
2023/10/6,耒阳,Special Event: National Day,,,,,,,,
2023/10/6,马田,Special Event: National Day,,,,,,,,
2023/10/6,郴州,Special Event: National Day,,,,,,,,
2023/10/6,良田,Special Event: National Day,,,,,,,,
2023/10/6,小塘,Special Event: National Day,,,,,,,,
2023/10/6,金桥,Special Event: National Day,,,,,,,,
2023/10/6,友仁,Special Event: National Day,,,,,,,,
2023/10/6,关山,Special Event: National Day,,,,,,,,
2023/10/6,金洲,Special Event: National Day,,,,,,,,
2023/10/6,宁乡,Special Event: National Day,,,,,,,,
2023/10/6,泉交河,Special Event: National Day,,,,,,,,
2023/10/6,朝阳,Special Event: National Day,,,,,,,,
2023/10/6,益阳北,Special Event: National Day,,,,,,,,
2023/10/6,谢家铺,Special Event: National Day,,,,,,,,
2023/10/6,热市,Special Event: National Day,,,,,,,,
2023/10/6,慈利西,Special Event: National Day,,,,,,,,
2023/10/6,阳和,Special Event: National Day,,,,,,,,
2023/10/6,教字垭,Special Event: National Day,,,,,,,,
2023/10/6,龙山,Special Event: National Day,,,,,,,,
2023/10/6,邵阳县,Special Event: National Day,,,,,,,,
2023/10/6,永州北,Special Event: National Day,,,,,,,,
2023/10/6,接履桥,Special Event: National Day,,,,,,,,
2023/10/6,阳明山,Special Event: National Day,,,,,,,,
2023/10/6,宁远,Special Event: National Day,,,,,,,,
2023/10/6,蓝山,Special Event: National Day,,,,,,,,
2023/10/6,詹桥,Special Event: National Day,,,,,,,,
2023/10/6,河洑,Special Event: National Day,,,,,,,,
2023/10/6,桃源,Special Event: National Day,,,,,,,,
2023/10/6,官庄,Special Event: National Day,,,,,,,,
2023/10/6,沅陵,Special Event: National Day,,,,,,,,
2023/10/6,泸溪,Special Event: National Day,,,,,,,,
2023/10/6,吉首东,Special Event: National Day,,,,,,,,
2023/10/6,吉首南,Special Event: National Day,,,,,,,,
2023/10/6,凤凰西,Special Event: National Day,,,,,,,,
2023/10/6,崀山,Special Event: National Day,,,,,,,,
2023/10/6,张坊,Special Event: National Day,,,,,,,,
2023/10/6,古港,Special Event: National Day,,,,,,,,
2023/10/6,砰山,Special Event: National Day,,,,,,,,
2023/10/6,黄花,Special Event: National Day,,,,,,,,
2023/10/6,株洲北,Special Event: National Day,,,,,,,,
2023/10/6,湘潭,Special Event: National Day,,,,,,,,
2023/10/6,湘乡,Special Event: National Day,,,,,,,,
2023/10/6,娄底,Special Event: National Day,,,,,,,,
2023/10/6,廉桥,Special Event: National Day,,,,,,,,
2023/10/6,邵阳南,Special Event: National Day,,,,,,,,
2023/10/6,隆回,Special Event: National Day,,,,,,,,
2023/10/6,洞口,Special Event: National Day,,,,,,,,
2023/10/6,江口,Special Event: National Day,,,,,,,,
2023/10/6,中方,Special Event: National Day,,,,,,,,
2023/10/6,芷江,Special Event: National Day,,,,,,,,
2023/10/6,新晃,Special Event: National Day,,,,,,,,
2023/10/6,茶峒,Special Event: National Day,,,,,,,,
2023/10/6,矮寨,Special Event: National Day,,,,,,,,
2023/10/6,凤凰,Special Event: National Day,,,,,,,,
2023/10/6,怀化西,Special Event: National Day,,,,,,,,
2023/10/6,怀化南,Special Event: National Day,,,,,,,,
2023/10/6,洪江,Special Event: National Day,,,,,,,,
2023/10/6,会同,Special Event: National Day,,,,,,,,
2023/10/6,靖州,Special Event: National Day,,,,,,,,
2023/10/6,乐安铺,Special Event: National Day,,,,,,,,
2023/10/6,双江,Special Event: National Day,,,,,,,,
2023/10/6,通道,Special Event: National Day,,,,,,,,
2023/10/6,界化垄,Special Event: National Day,,,,,,,,
2023/10/6,攸县,Special Event: National Day,,,,,,,,
2023/10/6,衡东,Special Event: National Day,,,,,,,,
2023/10/6,洪市,Special Event: National Day,,,,,,,,
2023/10/6,石埠,Special Event: National Day,,,,,,,,
2023/10/6,大忠桥,Special Event: National Day,,,,,,,,
2023/10/6,枣木铺,Special Event: National Day,,,,,,,,
2023/10/6,益将,Special Event: National Day,,,,,,,,
2023/10/6,岭秀,Special Event: National Day,,,,,,,,
2023/10/6,平和,Special Event: National Day,,,,,,,,
2023/10/6,郴州西,Special Event: National Day,,,,,,,,
2023/10/6,燕塘,Special Event: National Day,,,,,,,,
2023/10/6,祠堂圩,Special Event: National Day,,,,,,,,
2023/10/6,宁远西,Special Event: National Day,,,,,,,,
2023/10/6,道州东,Special Event: National Day,,,,,,,,
2023/10/6,仙子脚,Special Event: National Day,,,,,,,,
2023/10/6,韶山,Special Event: National Day,,,,,,,,
2023/10/6,张家界西,Special Event: National Day,,,,,,,,
2023/10/6,芙蓉镇西,Special Event: National Day,,,,,,,,
2023/10/6,花垣,Special Event: National Day,,,,,,,,
2023/10/6,桃花江,Special Event: National Day,,,,,,,,
2023/10/6,马迹塘西,Special Event: National Day,,,,,,,,
2023/10/6,云龙,Special Event: National Day,,,,,,,,
2023/10/6,栗山塘,Special Event: National Day,,,,,,,,
2023/10/6,赤江互通东,Special Event: National Day,,,,,,,,
2023/10/6,道林互通东,Special Event: National Day,,,,,,,,
2023/10/6,韶山互通东,Special Event: National Day,,,,,,,,
2023/10/6,岐山互通东,Special Event: National Day,,,,,,,,
2023/10/6,龙塘互通东,Special Event: National Day,,,,,,,,
2023/10/6,溆浦,Special Event: National Day,,,,,,,,
2023/10/6,怀化北,Special Event: National Day,,,,,,,,
2023/10/6,朱溪,Special Event: National Day,,,,,,,,
2023/10/6,祝融,Special Event: National Day,,,,,,,,
2023/10/6,衡阳北,Special Event: National Day,,,,,,,,
2023/10/6,姚家坝,Special Event: National Day,,,,,,,,
2023/10/6,茶园,Special Event: National Day,,,,,,,,
2023/10/6,涟源,Special Event: National Day,,,,,,,,
2023/10/6,新化,Special Event: National Day,,,,,,,,
2023/10/6,华容,Special Event: National Day,,,,,,,,
2023/10/6,南县西,Special Event: National Day,,,,,,,,
2023/10/6,泥江口,Special Event: National Day,,,,,,,,
2023/10/6,心田,Special Event: National Day,,,,,,,,
2023/10/6,岐山,Special Event: National Day,,,,,,,,
2023/10/6,毛田,Special Event: National Day,,,,,,,,
2023/10/6,双峰西,Special Event: National Day,,,,,,,,
2023/10/6,檀山咀,Special Event: National Day,,,,,,,,
2023/10/6,鸟江,Special Event: National Day,,,,,,,,
2023/10/6,杨山,Special Event: National Day,,,,,,,,
2023/10/6,松木塘,Special Event: National Day,,,,,,,,
2023/10/6,道州南,Special Event: National Day,,,,,,,,
2023/10/6,回龙圩,Special Event: National Day,,,,,,,,
2023/10/6,寨市,Special Event: National Day,,,,,,,,
2023/10/6,大水,Special Event: National Day,,,,,,,,
2023/10/6,武冈西,Special Event: National Day,,,,,,,,
2023/10/6,怀化东,Special Event: National Day,,,,,,,,
2023/9/1,永州北收费站（泉南高速衡枣段）,Special Event: Road Construction,,,,node_059,"=DISPIMG(""ID_15D081B440344DE680AAAB868C53B8B5"",1)",8.13-9.15,有影响,2023年8月13日8时-9月15日24时，泉南高速衡枣段永州收费站入口超宽车道将进行计重设备改造施工，施工期间超限车辆需绕行相邻收费站上高速，请途经永州收费站的司乘人员减速慢行，注意行车安全。
2023/9/3,永州北收费站（泉南高速衡枣段）,Special Event: Road Construction,,,,,,,,
2023/9/9,永州北收费站（泉南高速衡枣段）,Special Event: Road Construction,,,,,,,,
2023/9/10,永州北收费站（泉南高速衡枣段）,Special Event: Road Construction,,,,,,,,
2023/9/12,永州北收费站（泉南高速衡枣段）,Special Event: Road Construction,,,,,,,,
2023/9/13,永州北收费站（泉南高速衡枣段）,Special Event: Road Construction,,,,,,,,
2023/9/14,永州北收费站（泉南高速衡枣段）,Special Event: Road Construction,,,,,,,,
2023/9/15,永州北收费站（泉南高速衡枣段）,Special Event: Road Construction,,,,,,,,
2023/9/10,芙蓉镇西收费站（S99龙吉高速）,Special Event: Road Construction,,,,node_119,"=DISPIMG(""ID_EAA548E937734616AC2FD01D7C4EF5D9"",1)",9.10-10.10,对非小客车有影响,
2023/9/11,芙蓉镇西收费站（S100龙吉高速）,Special Event: Road Construction,,,,node_120,"=DISPIMG(""ID_EAA548E937734616AC2FD01D7C4EF5D9"",1)",9.10-10.11,对非小客车有影响,
2023/9/11,芙蓉镇西收费站（S99龙吉高速）,Special Event: Road Construction,,,,,,,,
2023/9/12,芙蓉镇西收费站（S99龙吉高速）,Special Event: Road Construction,,,,,,,,
2023/9/12,龙山收费站（G5515张南高速）,Special Event: Road Construction,,,,,,,,
2023/9/20,芙蓉镇西收费站（S99龙吉高速）,Special Event: Road Construction,,,,,,,,
2023/9/20,龙山收费站（G5515张南高速）,Special Event: Road Construction,,,,,,,,
2023/9/21,龙山收费站（G5515张南高速）,Special Event: Road Construction,,,,,,,,
2023/9/22,龙山收费站（G5515张南高速）,Special Event: Road Construction,,,,,,,,
2023/9/25,龙山收费站（G5515张南高速）,Special Event: Road Construction,,,,,,,,
2023/9/1,凤凰西收费站,Special Event: Road Construction,,,,node_072,"=DISPIMG(""ID_1BCCC666DC7640E080DCFB5C9008D02B"",1)",,,
2023/9/2,凤凰西收费站,Special Event: Road Construction,,,,,,,,
2023/9/3,凤凰西收费站,Special Event: Road Construction,,,,,,,,
2023/9/7,凤凰西收费站,Special Event: Road Construction,,,,,,,,
2023/9/9,凤凰西收费站,Special Event: Road Construction,,,,,,,,
2023/9/10,凤凰西收费站,Special Event: Road Construction,,,,,,,,
2023/9/12,凤凰西收费站,Special Event: Road Construction,,,,,,,,
2023/9/14,凤凰西收费站,Special Event: Road Construction,,,,,,,,
2023/9/15,凤凰西收费站,Special Event: Road Construction,,,,,,,,
2023/9/16,凤凰西收费站,Special Event: Road Construction,,,,,,,,
2023/9/21,凤凰西收费站,Special Event: Road Construction,,,,,,,,
2023/9/27,凤凰西收费站,Special Event: Road Construction,,,,,,,,
2023/9/1,流峰收费站（许广高速衡桂段）,Special Event: Traffic Congestion,,,,node_010,交通拥堵,对非小客车影响大,9.1-10.31,
2023/9/1,黄兴,Special Event: Traffic Congestion,,,,node_000,,对非小客车影响大,,
2023/9/1,榔梨,Special Event: Traffic Congestion,,,,node_001,,对非小客车影响大,,
2023/9/1,李家塘,Special Event: Traffic Congestion,,,,node_035,,对非小客车影响大,,
2023/9/1,岳阳东,Special Event: Traffic Congestion,,,,node_005,,对非小客车影响大,,
2023/9/1,郴州,Special Event: Traffic Congestion,,,,node_041,,对非小客车影响大,,
2023/9/2,李家塘,Special Event: Traffic Congestion,,,,,,,,
2023/9/2,岳阳东,Special Event: Traffic Congestion,,,,,,,,
2023/9/3,黄兴,Special Event: Traffic Congestion,,,,,,,,
2023/9/3,榔梨,Special Event: Traffic Congestion,,,,,,,,
2023/9/3,李家塘,Special Event: Traffic Congestion,,,,,,,,
2023/9/3,岳阳东,Special Event: Traffic Congestion,,,,,,,,
2023/9/4,流峰收费站（许广高速衡桂段）,Special Event: Traffic Congestion,,,,,,,,
2023/9/4,黄兴,Special Event: Traffic Congestion,,,,,,,,
2023/9/4,李家塘,Special Event: Traffic Congestion,,,,,,,,
2023/9/4,岳阳东,Special Event: Traffic Congestion,,,,,,,,
2023/9/5,黄兴,Special Event: Traffic Congestion,,,,,,,,
2023/9/5,榔梨,Special Event: Traffic Congestion,,,,,,,,
2023/9/5,李家塘,Special Event: Traffic Congestion,,,,,,,,
2023/9/6,流峰收费站（许广高速衡桂段）,Special Event: Traffic Congestion,,,,,,,,
2023/9/6,榔梨,Special Event: Traffic Congestion,,,,,,,,
2023/9/6,李家塘,Special Event: Traffic Congestion,,,,,,,,
2023/9/6,岳阳东,Special Event: Traffic Congestion,,,,,,,,
2023/9/7,流峰收费站（许广高速衡桂段）,Special Event: Traffic Congestion,,,,,,,,
2023/9/7,岳阳东,Special Event: Traffic Congestion,,,,,,,,
2023/9/7,郴州,Special Event: Traffic Congestion,,,,,,,,
2023/9/8,流峰收费站（许广高速衡桂段）,Special Event: Traffic Congestion,,,,,,,,
2023/9/8,黄兴,Special Event: Traffic Congestion,,,,,,,,
2023/9/8,岳阳东,Special Event: Traffic Congestion,,,,,,,,
2023/9/9,流峰收费站（许广高速衡桂段）,Special Event: Traffic Congestion,,,,,,,,
2023/9/9,榔梨,Special Event: Traffic Congestion,,,,,,,,
2023/9/9,李家塘,Special Event: Traffic Congestion,,,,,,,,
2023/9/9,岳阳东,Special Event: Traffic Congestion,,,,,,,,
2023/9/10,榔梨,Special Event: Traffic Congestion,,,,,,,,
2023/9/10,岳阳东,Special Event: Traffic Congestion,,,,,,,,
2023/9/10,郴州,Special Event: Traffic Congestion,,,,,,,,
2023/9/11,黄兴,Special Event: Traffic Congestion,,,,,,,,
2023/9/11,榔梨,Special Event: Traffic Congestion,,,,,,,,
2023/9/11,李家塘,Special Event: Traffic Congestion,,,,,,,,
2023/9/11,岳阳东,Special Event: Traffic Congestion,,,,,,,,
2023/9/12,李家塘,Special Event: Traffic Congestion,,,,,,,,
2023/9/12,岳阳东,Special Event: Traffic Congestion,,,,,,,,
2023/9/13,黄兴,Special Event: Traffic Congestion,,,,,,,,
2023/9/14,流峰收费站（许广高速衡桂段）,Special Event: Traffic Congestion,,,,,,,,
2023/9/14,黄兴,Special Event: Traffic Congestion,,,,,,,,
2023/9/14,榔梨,Special Event: Traffic Congestion,,,,,,,,
2023/9/14,李家塘,Special Event: Traffic Congestion,,,,,,,,
2023/9/14,岳阳东,Special Event: Traffic Congestion,,,,,,,,
2023/9/14,郴州,Special Event: Traffic Congestion,,,,,,,,
2023/9/15,黄兴,Special Event: Traffic Congestion,,,,,,,,
2023/9/15,李家塘,Special Event: Traffic Congestion,,,,,,,,
2023/9/16,黄兴,Special Event: Traffic Congestion,,,,,,,,
2023/9/16,榔梨,Special Event: Traffic Congestion,,,,,,,,
2023/9/16,岳阳东,Special Event: Traffic Congestion,,,,,,,,
2023/9/17,黄兴,Special Event: Traffic Congestion,,,,,,,,
2023/9/18,流峰收费站（许广高速衡桂段）,Special Event: Traffic Congestion,,,,,,,,
2023/9/18,黄兴,Special Event: Traffic Congestion,,,,,,,,
2023/9/18,李家塘,Special Event: Traffic Congestion,,,,,,,,
2023/9/18,郴州,Special Event: Traffic Congestion,,,,,,,,
2023/9/19,流峰收费站（许广高速衡桂段）,Special Event: Traffic Congestion,,,,,,,,
2023/9/19,岳阳东,Special Event: Traffic Congestion,,,,,,,,
2023/9/20,黄兴,Special Event: Traffic Congestion,,,,,,,,
2023/9/20,榔梨,Special Event: Traffic Congestion,,,,,,,,
2023/9/21,榔梨,Special Event: Traffic Congestion,,,,,,,,
2023/9/21,李家塘,Special Event: Traffic Congestion,,,,,,,,
2023/9/21,岳阳东,Special Event: Traffic Congestion,,,,,,,,
2023/9/22,黄兴,Special Event: Traffic Congestion,,,,,,,,
2023/9/22,岳阳东,Special Event: Traffic Congestion,,,,,,,,
2023/9/23,黄兴,Special Event: Traffic Congestion,,,,,,,,
2023/9/23,榔梨,Special Event: Traffic Congestion,,,,,,,,
2023/9/23,李家塘,Special Event: Traffic Congestion,,,,,,,,
2023/9/23,郴州,Special Event: Traffic Congestion,,,,,,,,
2023/9/24,榔梨,Special Event: Traffic Congestion,,,,,,,,
2023/9/24,郴州,Special Event: Traffic Congestion,,,,,,,,
2023/9/25,黄兴,Special Event: Traffic Congestion,,,,,,,,
2023/9/25,榔梨,Special Event: Traffic Congestion,,,,,,,,
2023/9/25,李家塘,Special Event: Traffic Congestion,,,,,,,,
2023/9/25,郴州,Special Event: Traffic Congestion,,,,,,,,
2023/9/26,黄兴,Special Event: Traffic Congestion,,,,,,,,
2023/9/26,榔梨,Special Event: Traffic Congestion,,,,,,,,
2023/9/26,李家塘,Special Event: Traffic Congestion,,,,,,,,
2023/9/26,郴州,Special Event: Traffic Congestion,,,,,,,,
2023/9/27,黄兴,Special Event: Traffic Congestion,,,,,,,,
2023/9/27,榔梨,Special Event: Traffic Congestion,,,,,,,,
2023/9/27,李家塘,Special Event: Traffic Congestion,,,,,,,,
2023/9/27,郴州,Special Event: Traffic Congestion,,,,,,,,
2023/9/28,榔梨,Special Event: Traffic Congestion,,,,,,,,
2023/10/10,黄兴,Special Event: Traffic Congestion,,,,,,,,
2023/10/10,榔梨,Special Event: Traffic Congestion,,,,,,,,
2023/10/10,李家塘,Special Event: Traffic Congestion,,,,,,,,
2023/10/10,岳阳东,Special Event: Traffic Congestion,,,,,,,,
2023/10/10,郴州,Special Event: Traffic Congestion,,,,,,,,
2023/10/11,流峰收费站（许广高速衡桂段）,Special Event: Traffic Congestion,,,,,,,,
2023/10/11,黄兴,Special Event: Traffic Congestion,,,,,,,,
2023/10/11,榔梨,Special Event: Traffic Congestion,,,,,,,,
2023/10/11,李家塘,Special Event: Traffic Congestion,,,,,,,,
2023/10/11,岳阳东,Special Event: Traffic Congestion,,,,,,,,
2023/10/11,郴州,Special Event: Traffic Congestion,,,,,,,,
2023/10/12,流峰收费站（许广高速衡桂段）,Special Event: Traffic Congestion,,,,,,,,
2023/10/12,黄兴,Special Event: Traffic Congestion,,,,,,,,
2023/10/12,榔梨,Special Event: Traffic Congestion,,,,,,,,
2023/10/12,李家塘,Special Event: Traffic Congestion,,,,,,,,
2023/10/12,岳阳东,Special Event: Traffic Congestion,,,,,,,,
2023/10/12,郴州,Special Event: Traffic Congestion,,,,,,,,
2023/10/13,流峰收费站（许广高速衡桂段）,Special Event: Traffic Congestion,,,,,,,,
2023/10/13,黄兴,Special Event: Traffic Congestion,,,,,,,,
2023/10/13,榔梨,Special Event: Traffic Congestion,,,,,,,,
2023/10/13,李家塘,Special Event: Traffic Congestion,,,,,,,,
2023/10/13,岳阳东,Special Event: Traffic Congestion,,,,,,,,
2023/10/13,郴州,Special Event: Traffic Congestion,,,,,,,,
2023/10/14,流峰收费站（许广高速衡桂段）,Special Event: Traffic Congestion,,,,,,,,
2023/10/14,黄兴,Special Event: Traffic Congestion,,,,,,,,
2023/10/14,榔梨,Special Event: Traffic Congestion,,,,,,,,
2023/10/14,李家塘,Special Event: Traffic Congestion,,,,,,,,
2023/10/14,岳阳东,Special Event: Traffic Congestion,,,,,,,,
2023/10/14,郴州,Special Event: Traffic Congestion,,,,,,,,
2023/10/15,流峰收费站（许广高速衡桂段）,Special Event: Traffic Congestion,,,,,,,,
2023/10/15,黄兴,Special Event: Traffic Congestion,,,,,,,,
2023/10/15,榔梨,Special Event: Traffic Congestion,,,,,,,,
2023/10/15,李家塘,Special Event: Traffic Congestion,,,,,,,,
2023/10/15,岳阳东,Special Event: Traffic Congestion,,,,,,,,
2023/10/15,郴州,Special Event: Traffic Congestion,,,,,,,,
2023/10/16,流峰收费站（许广高速衡桂段）,Special Event: Traffic Congestion,,,,,,,,
2023/10/16,黄兴,Special Event: Traffic Congestion,,,,,,,,
2023/10/16,榔梨,Special Event: Traffic Congestion,,,,,,,,
2023/10/16,李家塘,Special Event: Traffic Congestion,,,,,,,,
2023/10/16,岳阳东,Special Event: Traffic Congestion,,,,,,,,
2023/10/16,郴州,Special Event: Traffic Congestion,,,,,,,,
2023/10/17,流峰收费站（许广高速衡桂段）,Special Event: Traffic Congestion,,,,,,,,
2023/10/17,黄兴,Special Event: Traffic Congestion,,,,,,,,
2023/10/17,榔梨,Special Event: Traffic Congestion,,,,,,,,
2023/10/17,李家塘,Special Event: Traffic Congestion,,,,,,,,
2023/10/17,岳阳东,Special Event: Traffic Congestion,,,,,,,,
2023/10/17,郴州,Special Event: Traffic Congestion,,,,,,,,
2023/10/18,流峰收费站（许广高速衡桂段）,Special Event: Traffic Congestion,,,,,,,,
2023/10/18,黄兴,Special Event: Traffic Congestion,,,,,,,,
2023/10/18,榔梨,Special Event: Traffic Congestion,,,,,,,,
2023/10/18,李家塘,Special Event: Traffic Congestion,,,,,,,,
2023/10/18,岳阳东,Special Event: Traffic Congestion,,,,,,,,
2023/10/18,郴州,Special Event: Traffic Congestion,,,,,,,,
2023/10/19,流峰收费站（许广高速衡桂段）,Special Event: Traffic Congestion,,,,,,,,
2023/10/19,黄兴,Special Event: Traffic Congestion,,,,,,,,
2023/10/19,榔梨,Special Event: Traffic Congestion,,,,,,,,
2023/10/19,李家塘,Special Event: Traffic Congestion,,,,,,,,
2023/10/19,岳阳东,Special Event: Traffic Congestion,,,,,,,,
2023/10/19,郴州,Special Event: Traffic Congestion,,,,,,,,
2023/10/20,流峰收费站（许广高速衡桂段）,Special Event: Traffic Congestion,,,,,,,,
2023/10/20,黄兴,Special Event: Traffic Congestion,,,,,,,,
2023/10/20,榔梨,Special Event: Traffic Congestion,,,,,,,,
2023/10/20,李家塘,Special Event: Traffic Congestion,,,,,,,,
2023/10/20,岳阳东,Special Event: Traffic Congestion,,,,,,,,
2023/10/20,郴州,Special Event: Traffic Congestion,,,,,,,,
2023/10/21,流峰收费站（许广高速衡桂段）,Special Event: Traffic Congestion,,,,,,,,
2023/10/21,黄兴,Special Event: Traffic Congestion,,,,,,,,
2023/10/21,榔梨,Special Event: Traffic Congestion,,,,,,,,
2023/10/21,李家塘,Special Event: Traffic Congestion,,,,,,,,
2023/10/21,岳阳东,Special Event: Traffic Congestion,,,,,,,,
2023/10/21,郴州,Special Event: Traffic Congestion,,,,,,,,
2023/10/22,流峰收费站（许广高速衡桂段）,Special Event: Traffic Congestion,,,,,,,,
2023/10/22,黄兴,Special Event: Traffic Congestion,,,,,,,,
2023/10/22,榔梨,Special Event: Traffic Congestion,,,,,,,,
2023/10/22,李家塘,Special Event: Traffic Congestion,,,,,,,,
2023/10/22,岳阳东,Special Event: Traffic Congestion,,,,,,,,
2023/10/22,郴州,Special Event: Traffic Congestion,,,,,,,,
2023/10/23,流峰收费站（许广高速衡桂段）,Special Event: Traffic Congestion,,,,,,,,
2023/10/23,黄兴,Special Event: Traffic Congestion,,,,,,,,
2023/10/23,榔梨,Special Event: Traffic Congestion,,,,,,,,
2023/10/23,李家塘,Special Event: Traffic Congestion,,,,,,,,
2023/10/23,岳阳东,Special Event: Traffic Congestion,,,,,,,,
2023/10/23,郴州,Special Event: Traffic Congestion,,,,,,,,
2023/10/24,流峰收费站（许广高速衡桂段）,Special Event: Traffic Congestion,,,,,,,,
2023/10/24,黄兴,Special Event: Traffic Congestion,,,,,,,,
2023/10/24,榔梨,Special Event: Traffic Congestion,,,,,,,,
2023/10/24,李家塘,Special Event: Traffic Congestion,,,,,,,,
2023/10/24,岳阳东,Special Event: Traffic Congestion,,,,,,,,
2023/10/24,郴州,Special Event: Traffic Congestion,,,,,,,,
2023/10/25,流峰收费站（许广高速衡桂段）,Special Event: Traffic Congestion,,,,,,,,
2023/10/25,黄兴,Special Event: Traffic Congestion,,,,,,,,
2023/10/25,榔梨,Special Event: Traffic Congestion,,,,,,,,
2023/10/25,李家塘,Special Event: Traffic Congestion,,,,,,,,
2023/10/25,岳阳东,Special Event: Traffic Congestion,,,,,,,,
2023/10/25,郴州,Special Event: Traffic Congestion,,,,,,,,
2023/10/26,流峰收费站（许广高速衡桂段）,Special Event: Traffic Congestion,,,,,,,,
2023/10/26,黄兴,Special Event: Traffic Congestion,,,,,,,,
2023/10/26,榔梨,Special Event: Traffic Congestion,,,,,,,,
2023/10/26,李家塘,Special Event: Traffic Congestion,,,,,,,,
2023/10/26,岳阳东,Special Event: Traffic Congestion,,,,,,,,
2023/10/26,郴州,Special Event: Traffic Congestion,,,,,,,,
2023/10/27,流峰收费站（许广高速衡桂段）,Special Event: Traffic Congestion,,,,,,,,
2023/10/27,黄兴,Special Event: Traffic Congestion,,,,,,,,
2023/10/27,榔梨,Special Event: Traffic Congestion,,,,,,,,
2023/10/27,李家塘,Special Event: Traffic Congestion,,,,,,,,
2023/10/27,岳阳东,Special Event: Traffic Congestion,,,,,,,,
2023/10/27,郴州,Special Event: Traffic Congestion,,,,,,,,
2023/10/28,流峰收费站（许广高速衡桂段）,Special Event: Traffic Congestion,,,,,,,,
2023/10/28,黄兴,Special Event: Traffic Congestion,,,,,,,,
2023/10/28,榔梨,Special Event: Traffic Congestion,,,,,,,,
2023/10/28,李家塘,Special Event: Traffic Congestion,,,,,,,,
2023/10/28,岳阳东,Special Event: Traffic Congestion,,,,,,,,
2023/10/28,郴州,Special Event: Traffic Congestion,,,,,,,,
2023/10/29,流峰收费站（许广高速衡桂段）,Special Event: Traffic Congestion,,,,,,,,
2023/10/29,黄兴,Special Event: Traffic Congestion,,,,,,,,
2023/10/29,榔梨,Special Event: Traffic Congestion,,,,,,,,
2023/10/29,李家塘,Special Event: Traffic Congestion,,,,,,,,
2023/10/29,岳阳东,Special Event: Traffic Congestion,,,,,,,,
2023/10/29,郴州,Special Event: Traffic Congestion,,,,,,,,
2023/10/30,流峰收费站（许广高速衡桂段）,Special Event: Traffic Congestion,,,,,,,,
2023/10/30,黄兴,Special Event: Traffic Congestion,,,,,,,,
2023/10/30,榔梨,Special Event: Traffic Congestion,,,,,,,,
2023/10/30,李家塘,Special Event: Traffic Congestion,,,,,,,,
2023/10/30,岳阳东,Special Event: Traffic Congestion,,,,,,,,
2023/10/30,郴州,Special Event: Traffic Congestion,,,,,,,,
2023/10/31,流峰收费站（许广高速衡桂段）,Special Event: Traffic Congestion,,,,,,,,
2023/10/31,黄兴,Special Event: Traffic Congestion,,,,,,,,
2023/10/31,榔梨,Special Event: Traffic Congestion,,,,,,,,
2023/10/31,李家塘,Special Event: Traffic Congestion,,,,,,,,
2023/10/31,岳阳东,Special Event: Traffic Congestion,,,,,,,,
2023/10/31,郴州,Special Event: Traffic Congestion,,,,,,,,
2023/9/14,中方收费站及周边路段,Special Event: Traffic Regulation,,,,node_087,对非小客车影响大,,,
2023/9/19,中方收费站及周边路段,Special Event: Traffic Regulation,,,,,,,,
2023/9/21,中方收费站及周边路段,Special Event: Traffic Regulation,,,,,,,,
2023/9/23,中方收费站及周边路段,Special Event: Traffic Regulation,,,,,,,,
2023/9/24,中方收费站及周边路段,Special Event: Traffic Regulation,,,,,,,,
2023/9/25,中方收费站及周边路段,Special Event: Traffic Regulation,,,,,,,,
2023/9/26,中方收费站及周边路段,Special Event: Traffic Regulation,,,,,,,,
