日期,站点名称,事件描述
2023/9/1,Ningyuan East,Special Event: Peak traffic flow after holiday
2023/9/1,Yueyang East,Special Event: Traffic control due to road construction
2023/9/1,Dongkou,Special Event: Traffic congestion caused by heavy rain
2023/9/1,Reshi,Special Event: Temporary speed limit due to foggy weather
2023/9/1,Pengshan,Special Event: Peak traffic flow after holiday
2023/9/1,Lanshan,Special Event: Peak traffic flow during the National Day holiday
2023/9/1,Hengyang North,Special Event: Traffic accident causing lane closure
2023/9/1,Daozhou South,Special Event: Traffic accident causing lane closure
2023/9/2,Huaihua North,Special Event: Traffic congestion caused by heavy rain
2023/9/2,You County,Special Event: Temporary speed limit due to foggy weather
2023/9/2,Jiaoziya,Special Event: Temporary speed limit due to foggy weather
2023/9/2,Zhuxi,Special Event: Traffic accident causing lane closure
2023/9/2,Yijiang,Special Event: Traffic accident causing lane closure
2023/9/2,Jianjia'ao,Special Event: Traffic accident causing lane closure
2023/9/2,Furong Town,Special Event: Traffic accident causing lane closure
2023/9/3,Jishou East,Special Event: Temporary speed limit due to foggy weather
2023/9/3,Huilongxu,Special Event: Peak traffic flow after holiday
2023/9/3,Changning,Special Event: Traffic control due to road construction
2023/9/3,Jielvqiao,Special Event: Traffic accident causing lane closure
2023/9/3,Yangzichong,Special Event: Equipment maintenance affecting toll station
2023/9/3,Hefu,Special Event: Peak traffic flow after holiday
2023/9/3,Reshi,Special Event: Temporary speed limit due to foggy weather
2023/9/3,Hengdong,Special Event: Peak traffic flow during the National Day holiday
2023/9/4,Cili West,Special Event: Traffic accident causing lane closure
2023/9/4,Songmutang,Special Event: Traffic congestion caused by heavy rain
2023/9/4,Luxi,Special Event: Traffic congestion caused by heavy rain
2023/9/4,Huangtuling,Special Event: Peak traffic flow during the Mid-Autumn Festival holiday
2023/9/4,Hengdong,Special Event: Peak traffic flow during the National Day holiday
2023/9/4,Chijiang Interchange East,Special Event: Traffic control due to road construction
2023/9/4,Jinzhou,Special Event: Peak traffic flow after holiday
2023/9/4,Majitang West,Special Event: Peak traffic flow during the National Day holiday
2023/9/5,Yunlong,Special Event: Traffic congestion caused by heavy rain
2023/9/5,南县西,Special Event: Peak traffic flow during the Mid-Autumn Festival holiday
2023/9/5,Pinghe,Special Event: Peak traffic flow after holiday
2023/9/5,Yongzhou North,Special Event: Traffic accident causing lane closure
2023/9/5,Chaling,Special Event: Peak traffic flow after holiday
2023/9/5,Daozhou East,Special Event: Traffic congestion caused by heavy rain
2023/9/5,Jinqiao,Special Event: Traffic control due to road construction
2023/9/5,Lijiachong,Special Event: Equipment maintenance affecting toll station
2023/9/6,Gugang,Special Event: Equipment maintenance affecting toll station
2023/9/6,Ningyuan,Special Event: Peak traffic flow during the National Day holiday
2023/9/6,Xiaotang,Special Event: Peak traffic flow during the National Day holiday
2023/9/6,Zhangjiajie West,Special Event: Temporary speed limit due to foggy weather
2023/9/6,Jiangkou,Special Event: Temporary speed limit due to foggy weather
2023/9/6,Jiangkou,Special Event: Temporary speed limit due to foggy weather
2023/9/6,Leiyang,Special Event: Peak traffic flow after holiday
2023/9/6,Jingzhou,Special Event: Peak traffic flow during the National Day holiday
2023/9/7,Jishou East,Special Event: Temporary speed limit due to foggy weather
2023/9/7,Langshan,Special Event: Traffic control due to road construction
2023/9/7,Pingjiang,Special Event: Temporary speed limit due to foggy weather
2023/9/7,Kaihui,Special Event: Traffic control due to road construction
2023/9/7,Xinhuang,Special Event: Temporary speed limit due to foggy weather
2023/9/7,Yanling,Special Event: Traffic accident causing lane closure
2023/9/7,Chadong,Special Event: Traffic congestion caused by heavy rain
2023/9/7,Huangsha,Special Event: Peak traffic flow after holiday
2023/9/8,Gugang,Special Event: Traffic accident causing lane closure
2023/9/8,Zhuxi,Special Event: Peak traffic flow during the Mid-Autumn Festival holiday
2023/9/8,Songbai,Special Event: Equipment maintenance affecting toll station
2023/9/8,Langli,Special Event: Peak traffic flow during the National Day holiday
2023/9/8,Dongjing,Special Event: Temporary speed limit due to foggy weather
2023/9/8,Chayuan,Special Event: Equipment maintenance affecting toll station
2023/9/8,Chijiang Interchange East,Special Event: Equipment maintenance affecting toll station
2023/9/8,Yuelong,Special Event: Traffic accident causing lane closure
2023/9/9,Gugang,Special Event: Traffic accident causing lane closure
2023/9/9,Cili West,Special Event: Peak traffic flow during the National Day holiday
2023/9/9,Songmutang,Special Event: Peak traffic flow during the Mid-Autumn Festival holiday
2023/9/9,Hongshi,Special Event: Temporary speed limit due to foggy weather
2023/9/9,Hongshi,Special Event: Traffic congestion caused by heavy rain
2023/9/9,Shibu,Special Event: Temporary speed limit due to foggy weather
2023/9/9,Leiyang,Special Event: Temporary speed limit due to foggy weather
2023/9/9,Huangsha,Special Event: Peak traffic flow during the National Day holiday
2023/9/10,Dazhongqiao,Special Event: Traffic control due to road construction
2023/9/10,Lingxiu,Special Event: Peak traffic flow during the Mid-Autumn Festival holiday
2023/9/10,Pinghe,Special Event: Traffic accident causing lane closure
2023/9/10,Lianyuan,Special Event: Traffic control due to road construction
2023/9/10,Pengshan,Special Event: Equipment maintenance affecting toll station
2023/9/10,Xiejiapu,Special Event: Equipment maintenance affecting toll station
2023/9/10,Yangmingshan,Special Event: Equipment maintenance affecting toll station
2023/9/10,Shaoshan,Special Event: Traffic control due to road construction
2023/9/11,Dazhongqiao,Special Event: Peak traffic flow during the National Day holiday
2023/9/11,Pinghe,Special Event: Peak traffic flow during the National Day holiday
2023/9/11,Zhangfang,Special Event: Peak traffic flow during the Mid-Autumn Festival holiday
2023/9/11,Huaihua West,Special Event: Peak traffic flow after holiday
2023/9/11,Wugang West,Special Event: Peak traffic flow during the National Day holiday
2023/9/11,Reshi,Special Event: Peak traffic flow after holiday
2023/9/11,Shaoyang South,Special Event: Peak traffic flow after holiday
2023/9/11,Jingzhou,Special Event: Peak traffic flow during the National Day holiday
2023/9/12,Jishou East,Special Event: Traffic congestion caused by heavy rain
2023/9/12,Qishan,Special Event: Equipment maintenance affecting toll station
2023/9/12,Songbai,Special Event: Peak traffic flow during the National Day holiday
2023/9/12,Lianyuan,Special Event: Equipment maintenance affecting toll station
2023/9/12,Pengshan,Special Event: Peak traffic flow after holiday
2023/9/12,Liangtian,Special Event: Traffic accident causing lane closure
2023/9/12,Yangmingshan,Special Event: Traffic congestion caused by heavy rain
2023/9/12,Longshan,Special Event: Equipment maintenance affecting toll station
2023/9/13,Xianzijiao,Special Event: Peak traffic flow during the National Day holiday
2023/9/13,Bamianshan,Special Event: Temporary speed limit due to foggy weather
2023/9/13,Qishan,Special Event: Traffic control due to road construction
2023/9/13,Langshan,Special Event: Peak traffic flow during the National Day holiday
2023/9/13,Taohuajiang,Special Event: Peak traffic flow during the National Day holiday
2023/9/13,Yanglousi,Special Event: Peak traffic flow after holiday
2023/9/13,Daozhou South,Special Event: Peak traffic flow during the Mid-Autumn Festival holiday
2023/9/13,Jinzhou,Special Event: Traffic control due to road construction
2023/9/14,Ningyuan,Special Event: Traffic congestion caused by heavy rain
2023/9/14,Zhangjiajie West,Special Event: Equipment maintenance affecting toll station
2023/9/14,Songmutang,Special Event: Peak traffic flow during the Mid-Autumn Festival holiday
2023/9/14,Liufeng,Special Event: Peak traffic flow after holiday
2023/9/14,Xupu,Special Event: Equipment maintenance affecting toll station
2023/9/14,Zhurong,Special Event: Traffic control due to road construction
2023/9/14,Hongqi,Special Event: Traffic congestion caused by heavy rain
2023/9/14,Daozhou South,Special Event: Peak traffic flow during the Mid-Autumn Festival holiday
2023/9/15,Yutian,Special Event: Traffic control due to road construction
2023/9/15,Kaihui,Special Event: Equipment maintenance affecting toll station
2023/9/15,Huaihua East,Special Event: Peak traffic flow during the Mid-Autumn Festival holiday
2023/9/15,Xinhuang,Special Event: Peak traffic flow after holiday
2023/9/15,Yijiang,Special Event: Traffic congestion caused by heavy rain
2023/9/15,Citangxu,Special Event: Peak traffic flow during the Mid-Autumn Festival holiday
2023/9/15,Chaling,Special Event: Peak traffic flow after holiday
2023/9/15,Yuelong,Special Event: Traffic control due to road construction
2023/9/16,Gugang,Special Event: Peak traffic flow during the Mid-Autumn Festival holiday
2023/9/16,Loudi,Special Event: Temporary speed limit due to foggy weather
2023/9/16,Songmutang,Special Event: Peak traffic flow during the National Day holiday
2023/9/16,Nijiangkou,Special Event: Equipment maintenance affecting toll station
2023/9/16,Luxi,Special Event: Traffic accident causing lane closure
2023/9/16,Hongjiang,Special Event: Traffic control due to road construction
2023/9/16,Shibu,Special Event: Peak traffic flow during the Mid-Autumn Festival holiday
2023/9/16,Chenzhou,Special Event: Traffic accident causing lane closure
2023/9/17,Taling,Special Event: Equipment maintenance affecting toll station
2023/9/17,Yueyang East,Special Event: Peak traffic flow during the Mid-Autumn Festival holiday
2023/9/17,Zaomupu,Special Event: Temporary speed limit due to foggy weather
2023/9/17,Tanshanzui,Special Event: Traffic control due to road construction
2023/9/17,Hongshi,Special Event: Peak traffic flow during the Mid-Autumn Festival holiday
2023/9/17,Yanling West,Special Event: Temporary speed limit due to foggy weather
2023/9/17,Yanglousi,Special Event: Traffic accident causing lane closure
2023/9/17,Huanghua,Special Event: Traffic accident causing lane closure
2023/9/18,Beisheng,Special Event: Equipment maintenance affecting toll station
2023/9/18,Beisheng,Special Event: Peak traffic flow during the National Day holiday
2023/9/18,Ningyuan West,Special Event: Temporary speed limit due to foggy weather
2023/9/18,Qishan Interchange East,Special Event: Temporary speed limit due to foggy weather
2023/9/18,Changning,Special Event: Equipment maintenance affecting toll station
2023/9/18,Xingcheng,Special Event: Temporary speed limit due to foggy weather
2023/9/18,Xupu,Special Event: Peak traffic flow during the Mid-Autumn Festival holiday
2023/9/18,Daolin Interchange East,Special Event: Temporary speed limit due to foggy weather
2023/9/19,Sanpu,Special Event: Peak traffic flow after holiday
2023/9/19,Guanshan,Special Event: Traffic congestion caused by heavy rain
2023/9/19,Huarong,Special Event: Peak traffic flow during the National Day holiday
2023/9/19,Nijiangkou,Special Event: Temporary speed limit due to foggy weather
2023/9/19,Yanling West,Special Event: Peak traffic flow during the Mid-Autumn Festival holiday
2023/9/19,Citangxu,Special Event: Equipment maintenance affecting toll station
2023/9/19,Chaling,Special Event: Equipment maintenance affecting toll station
2023/9/19,Chaling,Special Event: Traffic accident causing lane closure
2023/9/20,Youren,Special Event: Traffic control due to road construction
2023/9/20,Ningyuan,Special Event: Temporary speed limit due to foggy weather
2023/9/20,Yueyang East,Special Event: Traffic control due to road construction
2023/9/20,Pinghe,Special Event: Traffic congestion caused by heavy rain
2023/9/20,Lishantang,Special Event: Traffic congestion caused by heavy rain
2023/9/20,Hefu,Special Event: Equipment maintenance affecting toll station
2023/9/20,Yantang,Special Event: Equipment maintenance affecting toll station
2023/9/20,Yijiang,Special Event: Peak traffic flow during the National Day holiday
2023/9/21,Dazhongqiao,Special Event: Peak traffic flow during the Mid-Autumn Festival holiday
2023/9/21,Guanzhuang,Special Event: Traffic accident causing lane closure
2023/9/21,Kaihui,Special Event: Peak traffic flow after holiday
2023/9/21,Xinhua,Special Event: Temporary speed limit due to foggy weather
2023/9/21,Dongkou,Special Event: Traffic congestion caused by heavy rain
2023/9/21,Reshi,Special Event: Equipment maintenance affecting toll station
2023/9/21,Jingzhou,Special Event: Peak traffic flow after holiday
2023/9/21,Longtang Interchange East,Special Event: Temporary speed limit due to foggy weather
2023/9/22,Ningyuan West,Special Event: Temporary speed limit due to foggy weather
2023/9/22,Yongzhou North,Special Event: Equipment maintenance affecting toll station
2023/9/22,Dongjing,Special Event: Traffic accident causing lane closure
2023/9/22,Xiangxiang,Special Event: Traffic congestion caused by heavy rain
2023/9/22,Shegang,Special Event: Equipment maintenance affecting toll station
2023/9/22,Citangxu,Special Event: Traffic accident causing lane closure
2023/9/22,Citangxu,Special Event: Peak traffic flow during the National Day holiday
2023/9/22,Huanghua,Special Event: Peak traffic flow after holiday
2023/9/23,Zaomupu,Special Event: Traffic control due to road construction
2023/9/23,Dongjing,Special Event: Traffic control due to road construction
2023/9/23,Daozhou South,Special Event: Traffic accident causing lane closure
2023/9/23,Shaoyang South,Special Event: Traffic control due to road construction
2023/9/23,Shaoyang South,Special Event: Equipment maintenance affecting toll station
2023/9/23,Yanghe,Special Event: Peak traffic flow during the National Day holiday
2023/9/23,Shaoshan,Special Event: Traffic congestion caused by heavy rain
2023/9/23,Huangxing,Special Event: Temporary speed limit due to foggy weather
2023/9/24,Zhongfang,Special Event: Equipment maintenance affecting toll station
2023/9/24,Nanjiang,Special Event: Temporary speed limit due to foggy weather
2023/9/24,Jishou South,Special Event: Traffic accident causing lane closure
2023/9/24,Zhangfang,Special Event: Traffic accident causing lane closure
2023/9/24,Liufeng,Special Event: Traffic accident causing lane closure
2023/9/24,Yanling West,Special Event: Traffic congestion caused by heavy rain
2023/9/24,Huangtuling,Special Event: Equipment maintenance affecting toll station
2023/9/24,Furong Town West,Special Event: Traffic accident causing lane closure
2023/9/25,南县西,Special Event: Equipment maintenance affecting toll station
2023/9/25,Dashui,Special Event: Equipment maintenance affecting toll station
2023/9/25,Taolin,Special Event: Equipment maintenance affecting toll station
2023/9/25,Langli,Special Event: Traffic accident causing lane closure
2023/9/25,Maotian,Special Event: Traffic congestion caused by heavy rain
2023/9/25,Hefu,Special Event: Temporary speed limit due to foggy weather
2023/9/25,Pengshan,Special Event: Temporary speed limit due to foggy weather
2023/9/25,Xidu,Special Event: Equipment maintenance affecting toll station
2023/9/26,Bamianshan,Special Event: Traffic accident causing lane closure
2023/9/26,Lianqiao,Special Event: Peak traffic flow during the Mid-Autumn Festival holiday
2023/9/26,Songbai,Special Event: Peak traffic flow during the Mid-Autumn Festival holiday
2023/9/26,Banshan,Special Event: Peak traffic flow during the Mid-Autumn Festival holiday
2023/9/26,Yongzhou North,Special Event: Traffic control due to road construction
2023/9/26,Xiangxiang,Special Event: Peak traffic flow during the National Day holiday
2023/9/26,Huayuan,Special Event: Peak traffic flow during the National Day holiday
2023/9/26,Huangxing,Special Event: Temporary speed limit due to foggy weather
2023/9/27,Yutian,Special Event: Peak traffic flow after holiday
2023/9/27,Dazhongqiao,Special Event: Temporary speed limit due to foggy weather
2023/9/27,Xintian,Special Event: Peak traffic flow during the Mid-Autumn Festival holiday
2023/9/27,Xintang,Special Event: Peak traffic flow after holiday
2023/9/27,Dongjing,Special Event: Traffic accident causing lane closure
2023/9/27,Yiyang North,Special Event: Peak traffic flow after holiday
2023/9/27,Shibu,Special Event: Traffic control due to road construction
2023/9/27,Hengdong,Special Event: Equipment maintenance affecting toll station
2023/9/28,Ningyuan East,Special Event: Peak traffic flow during the Mid-Autumn Festival holiday
2023/9/28,Xiangtan,Special Event: Peak traffic flow during the Mid-Autumn Festival holiday
2023/9/28,Furong Town West,Special Event: Equipment maintenance affecting toll station
2023/9/28,Huayuan,Special Event: Traffic control due to road construction
2023/9/28,Chijiang Interchange East,Special Event: Traffic congestion caused by heavy rain
2023/9/28,Shaoshan,Special Event: Traffic accident causing lane closure
2023/9/28,Majitang West,Special Event: Peak traffic flow during the National Day holiday
2023/9/28,Longtang Interchange East,Special Event: Traffic accident causing lane closure
2023/9/29,Le'anpu,Special Event: Peak traffic flow during the National Day and Mid-Autumn Festival holiday
2023/9/29,Jishou East,Special Event: Peak traffic flow during the National Day and Mid-Autumn Festival holiday
2023/9/29,Ningyuan,Special Event: Peak traffic flow during the National Day and Mid-Autumn Festival holiday
2023/9/29,Qishan Interchange East,Special Event: Peak traffic flow during the National Day and Mid-Autumn Festival holiday
2023/9/29,Zhangjiajie West,Special Event: Peak traffic flow during the National Day and Mid-Autumn Festival holiday
2023/9/29,Jielvqiao,Special Event: Peak traffic flow during the National Day and Mid-Autumn Festival holiday
2023/9/29,Xintang,Special Event: Peak traffic flow during the National Day and Mid-Autumn Festival holiday
2023/9/29,Lishantang,Special Event: Peak traffic flow during the National Day and Mid-Autumn Festival holiday
2023/9/29,Zhuzhou North,Special Event: Peak traffic flow during the National Day and Mid-Autumn Festival holiday
2023/9/29,Taolin,Special Event: Peak traffic flow during the National Day and Mid-Autumn Festival holiday
2023/9/29,Taohuajiang,Special Event: Peak traffic flow during the National Day and Mid-Autumn Festival holiday
2023/9/29,Hefu,Special Event: Peak traffic flow during the National Day and Mid-Autumn Festival holiday
2023/9/29,Dongkou,Special Event: Peak traffic flow during the National Day and Mid-Autumn Festival holiday
2023/9/29,Leiyang,Special Event: Peak traffic flow during the National Day and Mid-Autumn Festival holiday
2023/9/29,Jinqiao,Special Event: Peak traffic flow during the National Day and Mid-Autumn Festival holiday
2023/9/30,Le'anpu,Special Event: Peak traffic flow during the National Day and Mid-Autumn Festival holiday
2023/9/30,Jishou East,Special Event: Peak traffic flow during the National Day and Mid-Autumn Festival holiday
2023/9/30,Ningyuan,Special Event: Peak traffic flow during the National Day and Mid-Autumn Festival holiday
2023/9/30,Guanzhuang,Special Event: Peak traffic flow during the National Day and Mid-Autumn Festival holiday
2023/9/30,Banshan,Special Event: Peak traffic flow during the National Day and Mid-Autumn Festival holiday
2023/9/30,Zaomupu,Special Event: Peak traffic flow during the National Day and Mid-Autumn Festival holiday
2023/9/30,Lishantang,Special Event: Peak traffic flow during the National Day and Mid-Autumn Festival holiday
2023/9/30,Taolin,Special Event: Peak traffic flow during the National Day and Mid-Autumn Festival holiday
2023/9/30,Hefu,Special Event: Peak traffic flow during the National Day and Mid-Autumn Festival holiday
2023/9/30,Dongkou,Special Event: Peak traffic flow during the National Day and Mid-Autumn Festival holiday
2023/9/30,Xupu,Special Event: Peak traffic flow during the National Day and Mid-Autumn Festival holiday
2023/9/30,Jianjia'ao,Special Event: Peak traffic flow during the National Day and Mid-Autumn Festival holiday
2023/9/30,Hongqi,Special Event: Peak traffic flow during the National Day and Mid-Autumn Festival holiday
2023/9/30,Leiyang,Special Event: Peak traffic flow during the National Day and Mid-Autumn Festival holiday
2023/9/30,Tongdao,Special Event: Peak traffic flow during the National Day and Mid-Autumn Festival holiday
2023/10/1,Le'anpu,Special Event: Peak traffic flow during the National Day and Mid-Autumn Festival holiday
2023/10/1,Jishou East,Special Event: Peak traffic flow during the National Day and Mid-Autumn Festival holiday
2023/10/1,Ningyuan,Special Event: Peak traffic flow during the National Day and Mid-Autumn Festival holiday
2023/10/1,Guanzhuang,Special Event: Peak traffic flow during the National Day and Mid-Autumn Festival holiday
2023/10/1,Jielvqiao,Special Event: Peak traffic flow during the National Day and Mid-Autumn Festival holiday
2023/10/1,Xingcheng,Special Event: Peak traffic flow during the National Day and Mid-Autumn Festival holiday
2023/10/1,Songmutang,Special Event: Peak traffic flow during the National Day and Mid-Autumn Festival holiday
2023/10/1,Lishantang,Special Event: Peak traffic flow during the National Day and Mid-Autumn Festival holiday
2023/10/1,Taohuajiang,Special Event: Peak traffic flow during the National Day and Mid-Autumn Festival holiday
2023/10/1,Hefu,Special Event: Peak traffic flow during the National Day and Mid-Autumn Festival holiday
2023/10/1,Jiehualong,Special Event: Peak traffic flow during the National Day and Mid-Autumn Festival holiday
2023/10/1,Leiyang,Special Event: Peak traffic flow during the National Day and Mid-Autumn Festival holiday
2023/10/1,Zhijiang,Special Event: Peak traffic flow during the National Day and Mid-Autumn Festival holiday
2023/10/1,Tongdao,Special Event: Peak traffic flow during the National Day and Mid-Autumn Festival holiday
2023/10/1,Jinqiao,Special Event: Peak traffic flow during the National Day and Mid-Autumn Festival holiday
2023/10/2,Jishou East,Special Event: Peak traffic flow during the National Day and Mid-Autumn Festival holiday
2023/10/2,Ningyuan,Special Event: Peak traffic flow during the National Day and Mid-Autumn Festival holiday
2023/10/2,Qishan Interchange East,Special Event: Peak traffic flow during the National Day and Mid-Autumn Festival holiday
2023/10/2,Xintian,Special Event: Peak traffic flow during the National Day and Mid-Autumn Festival holiday
2023/10/2,Jielvqiao,Special Event: Peak traffic flow during the National Day and Mid-Autumn Festival holiday
2023/10/2,Xingcheng,Special Event: Peak traffic flow during the National Day and Mid-Autumn Festival holiday
2023/10/2,Zaomupu,Special Event: Peak traffic flow during the National Day and Mid-Autumn Festival holiday
2023/10/2,Zhuzhou North,Special Event: Peak traffic flow during the National Day and Mid-Autumn Festival holiday
2023/10/2,Quanjiaohe,Special Event: Peak traffic flow during the National Day and Mid-Autumn Festival holiday
2023/10/2,Dongkou,Special Event: Peak traffic flow during the National Day and Mid-Autumn Festival holiday
2023/10/2,Xupu,Special Event: Peak traffic flow during the National Day and Mid-Autumn Festival holiday
2023/10/2,Jiehualong,Special Event: Peak traffic flow during the National Day and Mid-Autumn Festival holiday
2023/10/2,Chenzhou West,Special Event: Peak traffic flow during the National Day and Mid-Autumn Festival holiday
2023/10/2,Jinqiao,Special Event: Peak traffic flow during the National Day and Mid-Autumn Festival holiday
2023/10/2,Huanghua,Special Event: Peak traffic flow during the National Day and Mid-Autumn Festival holiday
2023/10/3,Jishou East,Special Event: Peak traffic flow during the National Day and Mid-Autumn Festival holiday
2023/10/3,Qishan Interchange East,Special Event: Peak traffic flow during the National Day and Mid-Autumn Festival holiday
2023/10/3,Xintian,Special Event: Peak traffic flow during the National Day and Mid-Autumn Festival holiday
2023/10/3,Xintang,Special Event: Peak traffic flow during the National Day and Mid-Autumn Festival holiday
2023/10/3,Xingcheng,Special Event: Peak traffic flow during the National Day and Mid-Autumn Festival holiday
2023/10/3,Songmutang,Special Event: Peak traffic flow during the National Day and Mid-Autumn Festival holiday
2023/10/3,Zaomupu,Special Event: Peak traffic flow during the National Day and Mid-Autumn Festival holiday
2023/10/3,Taolin,Special Event: Peak traffic flow during the National Day and Mid-Autumn Festival holiday
2023/10/3,Taohuajiang,Special Event: Peak traffic flow during the National Day and Mid-Autumn Festival holiday
2023/10/3,Quanjiaohe,Special Event: Peak traffic flow during the National Day and Mid-Autumn Festival holiday
2023/10/3,Jianjia'ao,Special Event: Peak traffic flow during the National Day and Mid-Autumn Festival holiday
2023/10/3,Hongqi,Special Event: Peak traffic flow during the National Day and Mid-Autumn Festival holiday
2023/10/3,Tongdao,Special Event: Peak traffic flow during the National Day and Mid-Autumn Festival holiday
2023/10/3,Chenzhou West,Special Event: Peak traffic flow during the National Day and Mid-Autumn Festival holiday
2023/10/3,Jinqiao,Special Event: Peak traffic flow during the National Day and Mid-Autumn Festival holiday
2023/10/4,Jishou East,Special Event: Peak traffic flow during the National Day and Mid-Autumn Festival holiday
2023/10/4,Guanzhuang,Special Event: Peak traffic flow during the National Day and Mid-Autumn Festival holiday
2023/10/4,Qishan Interchange East,Special Event: Peak traffic flow during the National Day and Mid-Autumn Festival holiday
2023/10/4,Xintang,Special Event: Peak traffic flow during the National Day and Mid-Autumn Festival holiday
2023/10/4,Lishantang,Special Event: Peak traffic flow during the National Day and Mid-Autumn Festival holiday
2023/10/4,Zhuzhou North,Special Event: Peak traffic flow during the National Day and Mid-Autumn Festival holiday
2023/10/4,Taolin,Special Event: Peak traffic flow during the National Day and Mid-Autumn Festival holiday
2023/10/4,Hefu,Special Event: Peak traffic flow during the National Day and Mid-Autumn Festival holiday
2023/10/4,Jiehualong,Special Event: Peak traffic flow during the National Day and Mid-Autumn Festival holiday
2023/10/4,Hongqi,Special Event: Peak traffic flow during the National Day and Mid-Autumn Festival holiday
2023/10/4,Leiyang,Special Event: Peak traffic flow during the National Day and Mid-Autumn Festival holiday
2023/10/4,Zhijiang,Special Event: Peak traffic flow during the National Day and Mid-Autumn Festival holiday
2023/10/4,Tongdao,Special Event: Peak traffic flow during the National Day and Mid-Autumn Festival holiday
2023/10/4,Chenzhou West,Special Event: Peak traffic flow during the National Day and Mid-Autumn Festival holiday
2023/10/4,Jinqiao,Special Event: Peak traffic flow during the National Day and Mid-Autumn Festival holiday
2023/10/5,Le'anpu,Special Event: Peak traffic flow during the National Day and Mid-Autumn Festival holiday
2023/10/5,Jishou East,Special Event: Peak traffic flow during the National Day and Mid-Autumn Festival holiday
2023/10/5,Qishan Interchange East,Special Event: Peak traffic flow during the National Day and Mid-Autumn Festival holiday
2023/10/5,Xingcheng,Special Event: Peak traffic flow during the National Day and Mid-Autumn Festival holiday
2023/10/5,Banshan,Special Event: Peak traffic flow during the National Day and Mid-Autumn Festival holiday
2023/10/5,Zaomupu,Special Event: Peak traffic flow during the National Day and Mid-Autumn Festival holiday
2023/10/5,Lishantang,Special Event: Peak traffic flow during the National Day and Mid-Autumn Festival holiday
2023/10/5,Taohuajiang,Special Event: Peak traffic flow during the National Day and Mid-Autumn Festival holiday
2023/10/5,Hefu,Special Event: Peak traffic flow during the National Day and Mid-Autumn Festival holiday
2023/10/5,Quanjiaohe,Special Event: Peak traffic flow during the National Day and Mid-Autumn Festival holiday
2023/10/5,Dongkou,Special Event: Peak traffic flow during the National Day and Mid-Autumn Festival holiday
2023/10/5,Jianjia'ao,Special Event: Peak traffic flow during the National Day and Mid-Autumn Festival holiday
2023/10/5,Leiyang,Special Event: Peak traffic flow during the National Day and Mid-Autumn Festival holiday
2023/10/5,Zhijiang,Special Event: Peak traffic flow during the National Day and Mid-Autumn Festival holiday
2023/10/5,Huanghua,Special Event: Peak traffic flow during the National Day and Mid-Autumn Festival holiday
2023/10/6,Jishou East,Special Event: Peak traffic flow during the National Day and Mid-Autumn Festival holiday
2023/10/6,Ningyuan,Special Event: Peak traffic flow during the National Day and Mid-Autumn Festival holiday
2023/10/6,Guanzhuang,Special Event: Peak traffic flow during the National Day and Mid-Autumn Festival holiday
2023/10/6,Qishan Interchange East,Special Event: Peak traffic flow during the National Day and Mid-Autumn Festival holiday
2023/10/6,Lishantang,Special Event: Peak traffic flow during the National Day and Mid-Autumn Festival holiday
2023/10/6,Taohuajiang,Special Event: Peak traffic flow during the National Day and Mid-Autumn Festival holiday
2023/10/6,Hefu,Special Event: Peak traffic flow during the National Day and Mid-Autumn Festival holiday
2023/10/6,Quanjiaohe,Special Event: Peak traffic flow during the National Day and Mid-Autumn Festival holiday
2023/10/6,Dongkou,Special Event: Peak traffic flow during the National Day and Mid-Autumn Festival holiday
2023/10/6,Jianjia'ao,Special Event: Peak traffic flow during the National Day and Mid-Autumn Festival holiday
2023/10/6,Hongqi,Special Event: Peak traffic flow during the National Day and Mid-Autumn Festival holiday
2023/10/6,Leiyang,Special Event: Peak traffic flow during the National Day and Mid-Autumn Festival holiday
2023/10/6,Tongdao,Special Event: Peak traffic flow during the National Day and Mid-Autumn Festival holiday
2023/10/6,Jinqiao,Special Event: Peak traffic flow during the National Day and Mid-Autumn Festival holiday
2023/10/6,Huanghua,Special Event: Peak traffic flow during the National Day and Mid-Autumn Festival holiday
2023/10/7,Le'anpu,Special Event: Peak traffic flow during the National Day and Mid-Autumn Festival holiday
2023/10/7,Qishan Interchange East,Special Event: Peak traffic flow during the National Day and Mid-Autumn Festival holiday
2023/10/7,Xintang,Special Event: Peak traffic flow during the National Day and Mid-Autumn Festival holiday
2023/10/7,Xingcheng,Special Event: Peak traffic flow during the National Day and Mid-Autumn Festival holiday
2023/10/7,Songmutang,Special Event: Peak traffic flow during the National Day and Mid-Autumn Festival holiday
2023/10/7,Zaomupu,Special Event: Peak traffic flow during the National Day and Mid-Autumn Festival holiday
2023/10/7,Lishantang,Special Event: Peak traffic flow during the National Day and Mid-Autumn Festival holiday
2023/10/7,Zhuzhou North,Special Event: Peak traffic flow during the National Day and Mid-Autumn Festival holiday
2023/10/7,Taolin,Special Event: Peak traffic flow during the National Day and Mid-Autumn Festival holiday
2023/10/7,Hefu,Special Event: Peak traffic flow during the National Day and Mid-Autumn Festival holiday
2023/10/7,Xupu,Special Event: Peak traffic flow during the National Day and Mid-Autumn Festival holiday
2023/10/7,Jiehualong,Special Event: Peak traffic flow during the National Day and Mid-Autumn Festival holiday
2023/10/7,Jianjia'ao,Special Event: Peak traffic flow during the National Day and Mid-Autumn Festival holiday
2023/10/7,Zhijiang,Special Event: Peak traffic flow during the National Day and Mid-Autumn Festival holiday
2023/10/7,Chenzhou West,Special Event: Peak traffic flow during the National Day and Mid-Autumn Festival holiday
2023/10/8,Jiulongjiang,Special Event: Peak traffic flow after holiday
2023/10/8,Sanpu,Special Event: Temporary speed limit due to foggy weather
2023/10/8,Bamianshan,Special Event: Peak traffic flow during the Mid-Autumn Festival holiday
2023/10/8,Shuangfeng West,Special Event: Traffic congestion caused by heavy rain
2023/10/8,Jishou East,Special Event: Peak traffic flow after holiday
2023/10/8,Huaihua East,Special Event: Traffic accident causing lane closure
2023/10/8,Xiangxiang,Special Event: Peak traffic flow during the National Day holiday
2023/10/8,Reshi,Special Event: Peak traffic flow after holiday
2023/10/9,Yunlong,Special Event: Peak traffic flow after holiday
2023/10/9,Xianzijiao,Special Event: Traffic congestion caused by heavy rain
2023/10/9,Xintian,Special Event: Traffic control due to road construction
2023/10/9,Yangshan,Special Event: Traffic congestion caused by heavy rain
2023/10/9,Hefu,Special Event: Peak traffic flow during the Mid-Autumn Festival holiday
2023/10/9,Jianjia'ao,Special Event: Traffic control due to road construction
2023/10/9,Furong Town,Special Event: Peak traffic flow after holiday
2023/10/9,Longtang Interchange East,Special Event: Peak traffic flow during the National Day holiday
2023/10/10,Xianzijiao,Special Event: Traffic congestion caused by heavy rain
2023/10/10,Youren,Special Event: Traffic congestion caused by heavy rain
2023/10/10,Dazhongqiao,Special Event: Peak traffic flow after holiday
2023/10/10,Kaihui,Special Event: Equipment maintenance affecting toll station
2023/10/10,Zhuzhou North,Special Event: Peak traffic flow during the Mid-Autumn Festival holiday
2023/10/10,Taolin,Special Event: Peak traffic flow during the Mid-Autumn Festival holiday
2023/10/10,Shibu,Special Event: Traffic congestion caused by heavy rain
2023/10/10,Shaodong South,Special Event: Temporary speed limit due to foggy weather
2023/10/11,Shuangjiang,Special Event: Temporary speed limit due to foggy weather
2023/10/11,Huaihua South,Special Event: Peak traffic flow during the National Day holiday
2023/10/11,Jiaoziya,Special Event: Peak traffic flow after holiday
2023/10/11,Zhuxi,Special Event: Traffic congestion caused by heavy rain
2023/10/11,Taohuajiang,Special Event: Equipment maintenance affecting toll station
2023/10/11,Yanling,Special Event: Peak traffic flow after holiday
2023/10/11,Zhijiang,Special Event: Peak traffic flow during the Mid-Autumn Festival holiday
2023/10/11,Daolin Interchange East,Special Event: Traffic control due to road construction
2023/10/12,Gugang,Special Event: Traffic congestion caused by heavy rain
2023/10/12,Jishou South,Special Event: Temporary speed limit due to foggy weather
2023/10/12,Lishantang,Special Event: Traffic control due to road construction
2023/10/12,Hongjiang,Special Event: Peak traffic flow during the Mid-Autumn Festival holiday
2023/10/12,Yijiang,Special Event: Peak traffic flow during the Mid-Autumn Festival holiday
2023/10/12,Yiyang North,Special Event: Traffic control due to road construction
2023/10/12,Citangxu,Special Event: Equipment maintenance affecting toll station
2023/10/12,Chaling,Special Event: Traffic control due to road construction
2023/10/13,Le'anpu,Special Event: Peak traffic flow during the Mid-Autumn Festival holiday
2023/10/13,Le'anpu,Special Event: Traffic congestion caused by heavy rain
2023/10/13,Jishou South,Special Event: Peak traffic flow during the National Day holiday
2023/10/13,Ningxiang,Special Event: Peak traffic flow during the National Day holiday
2023/10/13,Huaihua East,Special Event: Traffic control due to road construction
2023/10/13,Taohuajiang,Special Event: Equipment maintenance affecting toll station
2023/10/13,Xiangtan,Special Event: Temporary speed limit due to foggy weather
2023/10/13,Chijiang Interchange East,Special Event: Peak traffic flow after holiday
2023/10/14,Guanshi,Special Event: Peak traffic flow during the National Day holiday
2023/10/14,Fenghuang West,Special Event: Traffic control due to road construction
2023/10/14,Ningyuan East,Special Event: Peak traffic flow during the National Day holiday
2023/10/14,Cili West,Special Event: Traffic accident causing lane closure
2023/10/14,Nijiangkou,Special Event: Traffic congestion caused by heavy rain
2023/10/14,Xiangtan,Special Event: Equipment maintenance affecting toll station
2023/10/14,Chenzhou,Special Event: Traffic congestion caused by heavy rain
2023/10/14,Matian,Special Event: Peak traffic flow during the Mid-Autumn Festival holiday
2023/10/15,Linwu,Special Event: Peak traffic flow during the National Day holiday
2023/10/15,Huitong,Special Event: Traffic congestion caused by heavy rain
2023/10/15,Sanpu,Special Event: Traffic accident causing lane closure
2023/10/15,Fenghuang,Special Event: Peak traffic flow during the Mid-Autumn Festival holiday
2023/10/15,Jiahe,Special Event: Equipment maintenance affecting toll station
2023/10/15,Ningyuan East,Special Event: Peak traffic flow during the National Day holiday
2023/10/15,Zhuxi,Special Event: Temporary speed limit due to foggy weather
2023/10/15,Furong Town West,Special Event: Equipment maintenance affecting toll station
2023/10/16,Huitong,Special Event: Equipment maintenance affecting toll station
2023/10/16,Nanjiang,Special Event: Traffic congestion caused by heavy rain
2023/10/16,Youren,Special Event: Peak traffic flow during the National Day holiday
2023/10/16,Shuangjiang,Special Event: Peak traffic flow during the National Day holiday
2023/10/16,Ningyuan East,Special Event: Equipment maintenance affecting toll station
2023/10/16,Kaihui,Special Event: Equipment maintenance affecting toll station
2023/10/16,Xinhuang,Special Event: Temporary speed limit due to foggy weather
2023/10/16,Jiehualong,Special Event: Traffic control due to road construction
2023/10/17,Yutian,Special Event: Equipment maintenance affecting toll station
2023/10/17,Huaihua West,Special Event: Equipment maintenance affecting toll station
2023/10/17,Liufeng,Special Event: Peak traffic flow during the National Day holiday
2023/10/17,Yiyang North,Special Event: Traffic control due to road construction
2023/10/17,Shibu,Special Event: Traffic congestion caused by heavy rain
2023/10/17,Shaodong South,Special Event: Temporary speed limit due to foggy weather
2023/10/17,Shaoshan Interchange East,Special Event: Peak traffic flow during the Mid-Autumn Festival holiday
2023/10/17,Longtang Interchange East,Special Event: Peak traffic flow during the National Day holiday
2023/10/18,Dashui,Special Event: Peak traffic flow during the Mid-Autumn Festival holiday
2023/10/18,Zhaishi,Special Event: Equipment maintenance affecting toll station
2023/10/18,Lingxiu,Special Event: Peak traffic flow during the Mid-Autumn Festival holiday
2023/10/18,Zhangjiajie West,Special Event: Peak traffic flow after holiday
2023/10/18,Songmutang,Special Event: Traffic control due to road construction
2023/10/18,Jianjia'ao,Special Event: Peak traffic flow during the Mid-Autumn Festival holiday
2023/10/18,Shaoshan,Special Event: Peak traffic flow during the Mid-Autumn Festival holiday
2023/10/18,Lijiachong,Special Event: Peak traffic flow during the Mid-Autumn Festival holiday
2023/10/19,Huilongxu,Special Event: Peak traffic flow during the National Day holiday
2023/10/19,Qishan,Special Event: Peak traffic flow after holiday
2023/10/19,Xingcheng,Special Event: Temporary speed limit due to foggy weather
2023/10/19,Lijiatang,Special Event: Traffic control due to road construction
2023/10/19,Taolin,Special Event: Temporary speed limit due to foggy weather
2023/10/19,Quanjiaohe,Special Event: Peak traffic flow after holiday
2023/10/19,Jiehualong,Special Event: Traffic control due to road construction
2023/10/19,Chenzhou West,Special Event: Equipment maintenance affecting toll station
2023/10/20,Yutian,Special Event: Temporary speed limit due to foggy weather
2023/10/20,Gugang,Special Event: Traffic accident causing lane closure
2023/10/20,Dashui,Special Event: Peak traffic flow during the National Day holiday
2023/10/20,Langshan,Special Event: Equipment maintenance affecting toll station
2023/10/20,Huaihua North,Special Event: Peak traffic flow after holiday
2023/10/20,Lijiatang,Special Event: Equipment maintenance affecting toll station
2023/10/20,Hefu,Special Event: Peak traffic flow during the Mid-Autumn Festival holiday
2023/10/20,Yantang,Special Event: Peak traffic flow after holiday
2023/10/21,Linwu,Special Event: Temporary speed limit due to foggy weather
2023/10/21,Huarong,Special Event: Peak traffic flow during the National Day holiday
2023/10/21,Guanzhuang,Special Event: Equipment maintenance affecting toll station
2023/10/21,Xintang,Special Event: Peak traffic flow during the Mid-Autumn Festival holiday
2023/10/21,Reshi,Special Event: Traffic control due to road construction
2023/10/21,Hongqi,Special Event: Peak traffic flow during the National Day holiday
2023/10/21,Zhanqiao,Special Event: Peak traffic flow during the National Day holiday
2023/10/21,Huangsha,Special Event: Peak traffic flow during the National Day holiday
2023/10/22,Guanshan,Special Event: Traffic accident causing lane closure
2023/10/22,Jiahe,Special Event: Equipment maintenance affecting toll station
2023/10/22,Dashui,Special Event: Peak traffic flow after holiday
2023/10/22,Langshan,Special Event: Traffic congestion caused by heavy rain
2023/10/22,Langshan,Special Event: Peak traffic flow during the Mid-Autumn Festival holiday
2023/10/22,Yijiang,Special Event: Traffic accident causing lane closure
2023/10/22,Shaoyang County,Special Event: Traffic control due to road construction
2023/10/22,Chenzhou,Special Event: Peak traffic flow after holiday
2023/10/23,Le'anpu,Special Event: Temporary speed limit due to foggy weather
2023/10/23,Jiulongjiang,Special Event: Peak traffic flow after holiday
2023/10/23,Yaojiaba,Special Event: Traffic accident causing lane closure
2023/10/23,Pingjiang,Special Event: Peak traffic flow during the Mid-Autumn Festival holiday
2023/10/23,Yantang,Special Event: Peak traffic flow during the Mid-Autumn Festival holiday
2023/10/23,Yijiang,Special Event: Traffic accident causing lane closure
2023/10/23,Hengdong,Special Event: Temporary speed limit due to foggy weather
2023/10/23,Niaojiang,Special Event: Temporary speed limit due to foggy weather
2023/10/24,Yunlong,Special Event: Peak traffic flow during the Mid-Autumn Festival holiday
2023/10/24,Youren,Special Event: Peak traffic flow during the Mid-Autumn Festival holiday
2023/10/24,Zhangfang,Special Event: Peak traffic flow after holiday
2023/10/24,Xintian,Special Event: Traffic control due to road construction
2023/10/24,Yongzhou North,Special Event: Traffic control due to road construction
2023/10/24,Tongdao,Special Event: Traffic congestion caused by heavy rain
2023/10/24,Shaoshan,Special Event: Traffic accident causing lane closure
2023/10/24,Lijiachong,Special Event: Peak traffic flow during the National Day holiday
2023/10/25,Gugang,Special Event: Traffic congestion caused by heavy rain
2023/10/25,Pinghe,Special Event: Peak traffic flow after holiday
2023/10/25,Zhangjiajie West,Special Event: Temporary speed limit due to foggy weather
2023/10/25,Xingcheng,Special Event: Equipment maintenance affecting toll station
2023/10/25,Taoyuan,Special Event: Temporary speed limit due to foggy weather
2023/10/25,Jiehualong,Special Event: Temporary speed limit due to foggy weather
2023/10/25,Tongdao,Special Event: Equipment maintenance affecting toll station
2023/10/25,Tongdao,Special Event: Peak traffic flow after holiday
2023/10/26,Jiulongjiang,Special Event: Equipment maintenance affecting toll station
2023/10/26,Yunlong,Special Event: Peak traffic flow during the National Day holiday
2023/10/26,Yaojiaba,Special Event: Peak traffic flow after holiday
2023/10/26,Ningyuan West,Special Event: Temporary speed limit due to foggy weather
2023/10/26,Ningyuan West,Special Event: Peak traffic flow during the Mid-Autumn Festival holiday
2023/10/26,Xinhua,Special Event: Traffic accident causing lane closure
2023/10/26,Daozhou South,Special Event: Traffic accident causing lane closure
2023/10/26,Jinzhou,Special Event: Peak traffic flow during the National Day holiday
2023/10/27,Xianzijiao,Special Event: Peak traffic flow during the National Day holiday
2023/10/27,Sanpu,Special Event: Peak traffic flow during the National Day holiday
2023/10/27,Xiaotang,Special Event: Traffic congestion caused by heavy rain
2023/10/27,Xintang,Special Event: Peak traffic flow during the Mid-Autumn Festival holiday
2023/10/27,Zhuxi,Special Event: Traffic control due to road construction
2023/10/27,Yangzichong,Special Event: Peak traffic flow during the Mid-Autumn Festival holiday
2023/10/27,Chaling,Special Event: Traffic congestion caused by heavy rain
2023/10/27,Huangsha,Special Event: Peak traffic flow during the Mid-Autumn Festival holiday
2023/10/28,Zhongfang,Special Event: Temporary speed limit due to foggy weather
2023/10/28,Youren,Special Event: Peak traffic flow during the National Day holiday
2023/10/28,Yangshan,Special Event: Traffic control due to road construction
2023/10/28,Taohuajiang,Special Event: Peak traffic flow during the Mid-Autumn Festival holiday
2023/10/28,Hefu,Special Event: Traffic control due to road construction
2023/10/28,Dongkou,Special Event: Peak traffic flow during the Mid-Autumn Festival holiday
2023/10/28,Xiangtan,Special Event: Temporary speed limit due to foggy weather
2023/10/28,Yanglousi,Special Event: Temporary speed limit due to foggy weather
2023/10/29,南县西,Special Event: Peak traffic flow during the Mid-Autumn Festival holiday
2023/10/29,Shuangjiang,Special Event: Traffic congestion caused by heavy rain
2023/10/29,Pingjiang,Special Event: Traffic congestion caused by heavy rain
2023/10/29,Zhuxi,Special Event: Peak traffic flow after holiday
2023/10/29,Yantang,Special Event: Traffic congestion caused by heavy rain
2023/10/29,Zhurong,Special Event: Traffic congestion caused by heavy rain
2023/10/29,Huangxing,Special Event: Peak traffic flow after holiday
2023/10/29,Lijiachong,Special Event: Equipment maintenance affecting toll station
2023/10/30,Huitong,Special Event: Traffic control due to road construction
2023/10/30,Guanshan,Special Event: Traffic congestion caused by heavy rain
2023/10/30,Shuangjiang,Special Event: Peak traffic flow after holiday
2023/10/30,Lingxiu,Special Event: Peak traffic flow after holiday
2023/10/30,Zhangjiajie West,Special Event: Traffic accident causing lane closure
2023/10/30,Huaihua North,Special Event: Temporary speed limit due to foggy weather
2023/10/30,Yanglousi,Special Event: Temporary speed limit due to foggy weather
2023/10/30,Longhui,Special Event: Traffic congestion caused by heavy rain
2023/10/31,Xianzijiao,Special Event: Equipment maintenance affecting toll station
2023/10/31,Guanshi,Special Event: Temporary speed limit due to foggy weather
2023/10/31,Taling,Special Event: Equipment maintenance affecting toll station
2023/10/31,Kaihui,Special Event: Traffic congestion caused by heavy rain
2023/10/31,Quanjiaohe,Special Event: Traffic congestion caused by heavy rain
2023/10/31,Hongshi,Special Event: Peak traffic flow during the Mid-Autumn Festival holiday
2023/10/31,Shaoyang County,Special Event: Equipment maintenance affecting toll station
2023/10/31,Chenzhou West,Special Event: Equipment maintenance affecting toll station
